#VRML V2.0 utf8
# 3D model generated by easyeda2kicad.py (https://github.com/uPesy/easyeda2kicad.py)

Shape{
    appearance Appearance {
        material  Material 	{
            diffuseColor 1.0 1.0 1.0
            specularColor 0.5019607843137255 0.5019607843137255 0.5019607843137255
            ambientIntensity 1.0
            transparency 0.0
            shininess 0.5
        }
    }
    geometry IndexedFaceSet {
        ccw TRUE
        solid FALSE
        coord DEF co Coordinate {
            point [
                0.095 -0.9727 0.241, 0.0941 -0.9727 0.2409, 0.1037 -0.9727 0.2409, 0.5415 -0.9657 0.374, 0.5368 -0.961 0.4631, 0.1632 -0.961 0.4631, 0.1574 -0.9715 0.2638, 0.1574 -0.9717 0.2593, 0.1632 -0.9727 0.2409, 0.1431 -0.9717 0.2593, 0.1431 -0.9724 0.2458, 0.1506 -0.9717 0.2593, 0.1506 -0.9724 0.2458, 0.1594 -0.9724 0.2458, 0.1594 -0.9726 0.2413, 0.1506 -0.9727 0.2409, 0.1431 -0.9708 0.2766, 0.1431 -0.9715 0.2638, 0.1506 -0.9708 0.2766, 0.1506 -0.9715 0.2638, 0.1585 -0.9708 0.2766, 0.1506 -0.9726 0.2413, 0.1379 -0.9726 0.2413, 0.1352 -0.9727 0.2409, 0.1379 -0.9705 0.2812, 0.1779 -0.9687 0.3156, 0.1632 -0.9687 0.3156, 0.182 -0.9693 0.3047, 0.1632 -0.9699 0.2926, 0.1877 -0.9693 0.3047, 0.1724 -0.9672 0.3447, 0.9699 -0.9699 0.2926, 0.9672 -0.9672 0.345, 0.1632 -0.9672 0.345, 0.1669 -0.9672 0.3447, 0.1632 -0.9677 0.3349, 0.178 -0.9726 0.2413, 0.167 -0.9726 0.2413, 0.167 -0.9705 0.2812, 0.1994 -0.9717 0.2586, 0.1983 -0.972 0.254, 0.2018 -0.9726 0.2413, 0.1962 -0.9722 0.2499, 0.1935 -0.9723 0.2469, 0.217 -0.9705 0.2812, 0.2226 -0.9705 0.2812, 0.1996 -0.9716 0.2618, 0.1989 -0.9713 0.2672, 0.1935 -0.9708 0.2759, 0.195 -0.9709 0.2745, 0.1974 -0.9711 0.271, 0.9727 -0.9727 0.2409, 0.2378 -0.9726 0.2413, 0.2321 -0.9726 0.2413, 0.1784 -0.9705 0.2812, 0.1845 -0.9706 0.2806, 0.1893 -0.9707 0.2788, 0.1632 -0.9735 0.2251, 0.9735 -0.9735 0.2251, 0.9843 -0.9843 0.0197, 0.1632 -0.9843 0.0197, 0.1506 -0.9843 0.0197, -0.9735 -0.9735 0.2251, -0.5858 -0.9727 0.2409, -0.9727 -0.9727 0.2409, -0.5858 -0.9699 0.2926, -0.9699 -0.9699 0.2926, -0.5858 -0.9672 0.345, -0.9672 -0.9672 0.345, -0.5858 -0.961 0.4631, -0.961 -0.961 0.4631, 0.0854 -0.9672 0.345, 0.0742 -0.9672 0.345, 0.0761 -0.9672 0.3448, 0.0797 -0.9673 0.3437, 0.0797 -0.9676 0.3383, 0.0854 -0.9699 0.2926, 0.0694 -0.9691 0.3086, 0.0718 -0.9691 0.3087, 0.0746 -0.9675 0.3402, 0.0703 -0.9674 0.3407, 0.0594 -0.9677 0.3362, 0.0591 -0.9677 0.3359, 0.0572 -0.9678 0.3331, 0.0558 -0.968 0.3297, 0.0762 -0.9691 0.3097, 0.0797 -0.969 0.3113, 0.0797 -0.9692 0.3063, 0.0791 -0.9692 0.306, 0.0616 -0.9693 0.3051, 0.0578 -0.9692 0.307, 0.0516 -0.9699 0.2926, 0.0549 -0.9691 0.3095, 0.0545 -0.969 0.3099, 0.0787 -0.9675 0.3388, 0.0687 -0.9674 0.3406, 0.0652 -0.9675 0.3399, 0.0621 -0.9675 0.3385, 0.0552 -0.9683 0.3242, 0.0552 -0.9684 0.3228, 0.0559 -0.9686 0.3188, 0.0601 -0.9689 0.3119, 0.0627 -0.969 0.3101, 0.0656 -0.9691 0.309, 0.0571 -0.9687 0.3156, 0.0591 -0.9689 0.3128, 0.0748 -0.9693 0.3046, 0.0687 -0.9694 0.304, 0.0658 -0.9693 0.3042, 0.071 -0.9672 0.3453, 0.0854 -0.961 0.4631, 0.0703 -0.9672 0.3453, 0.0516 -0.961 0.4631, 0.0675 -0.9672 0.345, 0.0603 -0.9673 0.343, 0.0645 -0.9672 0.3446, 0.0516 -0.9672 0.345, 0.053 -0.9677 0.3362, 0.0555 -0.9675 0.3394, 0.0564 -0.9674 0.3403, 0.0522 -0.9689 0.3133, 0.0516 -0.9688 0.3148, 0.0492 -0.9699 0.2926, 0.0492 -0.9672 0.345, 0.051 -0.9679 0.3319, 0.0516 -0.9678 0.3332, 0.0505 -0.9686 0.3175, 0.0498 -0.9683 0.3239, 0.0499 -0.9682 0.3268, 0.1084 -0.9672 0.3447, 0.1131 -0.9672 0.345, 0.1037 -0.9672 0.345, 0.0929 -0.9684 0.3227, 0.0929 -0.9691 0.3092, 0.1037 -0.9684 0.3227, 0.1037 -0.9691 0.3092, 0.1072 -0.9684 0.3227, 0.1093 -0.9691 0.3092, 0.1072 -0.9681 0.3273, 0.1084 -0.9675 0.3401, 0.1037 -0.9681 0.3273, 0.1037 -0.9675 0.3401, 0.0929 -0.9681 0.3273, 0.0929 -0.9675 0.3401, 0.1131 -0.9699 0.2926, 0.1093 -0.9693 0.3047, 0.1037 -0.9699 0.2926, 0.1037 -0.9693 0.3047, 0.0878 -0.9693 0.3047, 0.0878 -0.9672 0.3447, 0.1037 -0.9672 0.3447, 0.1279 -0.9693 0.3047, 0.1168 -0.9693 0.3047, 0.1283 -0.9672 0.3447, 0.1352 -0.9672 0.345, 0.1168 -0.9672 0.3447, 0.1434 -0.9675 0.3394, 0.1448 -0.9676 0.338, 0.1506 -0.9672 0.345, 0.1473 -0.9678 0.3345, 0.1488 -0.968 0.3306, 0.1494 -0.9682 0.3252, 0.1492 -0.9684 0.322, 0.1482 -0.9686 0.3174, 0.1506 -0.9699 0.2926, 0.1461 -0.9689 0.3133, 0.1344 -0.9673 0.344, 0.1352 -0.9673 0.3437, 0.1392 -0.9673 0.3422, 0.1434 -0.969 0.3103, 0.1392 -0.9692 0.3073, 0.1352 -0.9699 0.2926, 0.1352 -0.9693 0.3057, 0.1346 -0.9693 0.3055, 0.1517 -0.9693 0.3047, 0.1574 -0.9693 0.3047, 0.1612 -0.9687 0.3156, 0.067 -0.9726 0.2416, 0.0651 -0.9727 0.2409, 0.0713 -0.9726 0.2413, 0.0688 -0.9726 0.2428, 0.0516 -0.9727 0.2409, 0.0542 -0.9724 0.2449, 0.0536 -0.9724 0.2466, 0.071 -0.9712 0.2696, 0.0839 -0.9714 0.2655, 0.0849 -0.9713 0.2669, 0.0575 -0.9726 0.2417, 0.0594 -0.9727 0.2409, 0.0595 -0.9727 0.2409, 0.0553 -0.9719 0.2548, 0.0568 -0.9719 0.2561, 0.0561 -0.9715 0.2629, 0.0589 -0.9718 0.2572, 0.0594 -0.9714 0.265, 0.0628 -0.9718 0.2582, 0.0672 -0.9713 0.2662, 0.0655 -0.9713 0.2664, 0.0625 -0.9713 0.2661, 0.0558 -0.9726 0.2428, 0.0552 -0.9725 0.2434, 0.0533 -0.9722 0.2489, 0.0536 -0.9721 0.2514, 0.0727 -0.9712 0.2687, 0.074 -0.9713 0.2674, 0.0833 -0.9715 0.2639, 0.0751 -0.9714 0.2658, 0.0759 -0.9715 0.2636, 0.0713 -0.9724 0.2457, 0.0712 -0.9724 0.2457, 0.0704 -0.9725 0.2445, 0.0578 -0.9712 0.2687, 0.0561 -0.9712 0.2678, 0.0542 -0.972 0.2532, 0.0617 -0.9711 0.27, 0.066 -0.9711 0.2705, 0.0689 -0.9711 0.2702, 0.0846 -0.9718 0.2576, 0.0839 -0.9717 0.2586, 0.0763 -0.9717 0.2596, 0.0834 -0.9716 0.2602, 0.0831 -0.9715 0.2621, 0.0713 -0.9717 0.2594, 0.0711 -0.9716 0.2616, 0.0706 -0.9715 0.2634, 0.07 -0.9714 0.2644, 0.0854 -0.9718 0.2567, 0.0831 -0.9723 0.2474, 0.0854 -0.9718 0.2567, 0.0849 -0.9724 0.2463, 0.0854 -0.9724 0.2461, 0.0693 -0.9714 0.2652, 0.0684 -0.9714 0.2658, 0.0624 -0.9727 0.2406, 0.0516 -0.9735 0.2251, 0.065 -0.9727 0.2409, 0.0854 -0.9735 0.2251, 0.0831 -0.9726 0.2423, 0.0763 -0.9726 0.2413, 0.0854 -0.9726 0.2414, 0.0854 -0.9727 0.2409, 0.0865 -0.9726 0.2411, 0.0878 -0.9727 0.2409, 0.0909 -0.9727 0.2406, 0.1037 -0.9735 0.2251, 0.1011 -0.9712 0.2692, 0.1011 -0.9714 0.2643, 0.0864 -0.9712 0.2682, 0.0877 -0.9712 0.269, 0.1022 -0.9723 0.247, 0.1016 -0.9724 0.2454, 0.1006 -0.9725 0.2441, 0.0854 -0.9713 0.2674, 0.0905 -0.9711 0.27, 0.0943 -0.9711 0.2705, 0.0975 -0.9711 0.2702, 0.1007 -0.972 0.2537, 0.1017 -0.9721 0.2524, 0.1022 -0.9721 0.2509, 0.1024 -0.9722 0.249, 0.0992 -0.9726 0.2429, 0.0977 -0.9726 0.242, 0.0938 -0.9713 0.2664, 0.0923 -0.9713 0.2663, 0.0883 -0.9715 0.2626, 0.091 -0.9713 0.2659, 0.0898 -0.9714 0.2653, 0.0884 -0.9716 0.2619, 0.0886 -0.9716 0.2611, 0.0889 -0.9716 0.2604, 0.0894 -0.9717 0.2599, 0.0912 -0.9717 0.2588, 0.0973 -0.9713 0.266, 0.0943 -0.9718 0.2574, 0.1001 -0.9714 0.2649, 0.0962 -0.9718 0.2567, 0.0996 -0.9719 0.2548, 0.0891 -0.9714 0.2647, 0.0887 -0.9714 0.264, 0.0884 -0.9715 0.2634, 0.088 -0.9724 0.2451, 0.0907 -0.972 0.2538, 0.0878 -0.9719 0.2552, 0.0914 -0.9725 0.2447, 0.0916 -0.9725 0.2447, 0.094 -0.9721 0.2524, 0.0942 -0.9724 0.245, 0.0973 -0.9723 0.2485, 0.0972 -0.9722 0.2492, 0.0954 -0.9724 0.2454, 0.0959 -0.9724 0.2457, 0.0965 -0.9724 0.2462, 0.0969 -0.9723 0.2469, 0.0972 -0.9723 0.2476, 0.097 -0.9722 0.2499, 0.0966 -0.9721 0.2506, 0.096 -0.9721 0.2513, 0.1273 -0.9711 0.2698, 0.1325 -0.9711 0.2698, 0.1506 -0.9705 0.2812, 0.1585 -0.9705 0.2812, 0.1181 -0.9723 0.2484, 0.1187 -0.9724 0.246, 0.1189 -0.9724 0.246, 0.1131 -0.9715 0.2629, 0.1195 -0.9723 0.2483, 0.1191 -0.9723 0.247, 0.1131 -0.9722 0.2494, 0.105 -0.9711 0.2698, 0.1106 -0.9711 0.2698, 0.1161 -0.9727 0.2409, 0.1163 -0.9726 0.2413, 0.1131 -0.973 0.2343, 0.1131 -0.973 0.2343, 0.1131 -0.9727 0.2409, 0.1141 -0.9729 0.2361, 0.1061 -0.9731 0.2327, 0.1061 -0.9733 0.2282, 0.1071 -0.9731 0.2323, 0.1089 -0.9731 0.2321, 0.1101 -0.9731 0.2322, 0.1131 -0.9733 0.2287, 0.1113 -0.9733 0.228, 0.1131 -0.9735 0.2251, 0.1093 -0.9733 0.2278, 0.1082 -0.9733 0.2278, 0.1112 -0.9731 0.2326, 0.1121 -0.9731 0.2333, 0.1195 -0.9729 0.2369, 0.1172 -0.9731 0.2325, 0.1352 -0.9735 0.2251, 0.1211 -0.9727 0.2409, 0.1154 -0.9732 0.2303, 0.1151 -0.9732 0.23, 0.1133 -0.9733 0.2288, -0.0616 -0.967 0.3489, -0.0558 -0.9672 0.345, 0.0106 -0.9672 0.345, -0.0493 -0.9674 0.3406, -0.0399 -0.968 0.3297, -0.008 -0.9699 0.2926, 0.0106 -0.9699 0.2926, -0.0106 -0.9696 0.2989, -0.0164 -0.9692 0.307, -0.0241 -0.9689 0.3135, -0.034 -0.9686 0.3182, -0.0326 -0.9686 0.3177, -0.0758 -0.9667 0.3541, 0.0106 -0.961 0.4631, -0.088 -0.9667 0.3554, -0.1021 -0.9667 0.3537, -0.1152 -0.967 0.3486, -0.1211 -0.9672 0.345, -0.1222 -0.9672 0.3443, -0.1808 -0.969 0.31, -0.174 -0.9686 0.3187, -0.1525 -0.9679 0.331, -0.1413 -0.9679 0.3324, -0.1289 -0.9675 0.3386, -0.138 -0.9679 0.3322, -0.1347 -0.9679 0.3318, -0.1721 -0.9685 0.3205, -0.163 -0.9682 0.3269, -0.1665 -0.9723 0.2478, -0.1754 -0.9719 0.2553, -0.1563 -0.9726 0.2428, -0.1523 -0.9727 0.2409, -0.1527 -0.9726 0.2417, -0.1819 -0.9714 0.2646, -0.186 -0.9709 0.2752, -0.1874 -0.9703 0.2863, -0.1873 -0.9701 0.289, -0.1867 -0.9699 0.2926, -0.1854 -0.9696 0.2997, -0.5858 -0.9735 0.2251, -0.1374 -0.9735 0.2251, -0.14 -0.9734 0.2262, -0.1456 -0.9732 0.2304, -0.1498 -0.9729 0.2356, 0.0106 -0.9735 0.2251, -0.1138 -0.9735 0.2251, 0.0106 -0.9843 0.0197, -0.0528 -0.9843 0.0197, -0.1187 -0.9736 0.2232, -0.1256 -0.9736 0.2224, -0.1267 -0.9736 0.2224, -0.9843 -0.9843 0.0197, -0.5858 -0.9843 0.0197, -0.1334 -0.9736 0.2234, 0.0106 -0.9727 0.2409, -0.0989 -0.9727 0.2409, -0.099 -0.9727 0.2408, -0.1023 -0.973 0.2345, -0.1067 -0.9733 0.2296, -0.1124 -0.9735 0.2256, -0.0626 -0.9718 0.2577, -0.0606 -0.9717 0.2585, -0.0573 -0.9709 0.2747, -0.0163 -0.972 0.2539, -0.024 -0.9723 0.2474, -0.1043 -0.9711 0.2698, -0.0661 -0.9701 0.2897, -0.1092 -0.9709 0.2744, -0.1153 -0.9707 0.2776, -0.0643 -0.9718 0.2565, -0.0107 -0.9716 0.2618, -0.0236 -0.9704 0.2831, -0.0249 -0.9702 0.2886, -0.0271 -0.9699 0.2926, -0.1687 -0.9699 0.2926, -0.0071 -0.9701 0.2902, -0.0058 -0.9706 0.2809, -0.0071 -0.9711 0.2708, -0.0584 -0.9717 0.2587, -0.0582 -0.9717 0.2587, -0.0573 -0.9717 0.2585, -0.1671 -0.9708 0.2755, -0.1637 -0.9711 0.2698, -0.1492 -0.9713 0.2668, -0.1586 -0.9714 0.2646, -0.1524 -0.9716 0.2607, -0.1387 -0.9708 0.2762, -0.1445 -0.971 0.2722, -0.1694 -0.9702 0.2869, -0.1691 -0.9705 0.2825, -0.1324 -0.9707 0.2787, -0.1256 -0.9706 0.2795, -0.1222 -0.9706 0.2793, -0.0673 -0.9722 0.2499, -0.0672 -0.9721 0.2511, -0.0971 -0.972 0.2536, -0.0666 -0.972 0.2532, -0.0655 -0.9719 0.2552, -0.0292 -0.9714 0.2656, -0.0261 -0.9711 0.27, -0.0241 -0.9709 0.2751, -0.0234 -0.9706 0.2806, -0.0606 -0.9726 0.2414, -0.0625 -0.9726 0.2421, -0.0643 -0.9725 0.2434, -0.065 -0.9725 0.2441, -0.0662 -0.9724 0.2459, -0.067 -0.9723 0.2478, -0.0973 -0.9723 0.2478, -0.0971 -0.9721 0.2508, -0.0327 -0.9725 0.2431, -0.0422 -0.9726 0.2411, -0.059 -0.9726 0.2411, -0.0567 -0.9717 0.2585, -0.0439 -0.9717 0.2585, -0.0388 -0.9717 0.2594, -0.0338 -0.9716 0.2618, -0.0296 -0.9714 0.2652, -0.0541 -0.9685 0.3199, -0.0605 -0.9681 0.3276, -0.1259 -0.969 0.311, -0.0612 -0.9681 0.3282, -0.0692 -0.9678 0.3337, -0.1215 -0.9685 0.32, -0.1279 -0.9689 0.3121, -0.1343 -0.9688 0.3145, -0.0276 -0.9699 0.2935, -0.0308 -0.9697 0.2971, -0.0456 -0.9694 0.3028, -0.0352 -0.9695 0.3002, -0.0402 -0.9694 0.3021, -0.0479 -0.9694 0.3028, -0.0497 -0.969 0.3107, -0.151 -0.9689 0.3135, -0.1573 -0.969 0.3101, -0.144 -0.9688 0.3152, -0.1622 -0.9693 0.3058, -0.1662 -0.9696 0.3001, -0.1152 -0.9681 0.3277, -0.0781 -0.9676 0.3371, -0.1075 -0.9678 0.3332, -0.0878 -0.9676 0.3383, -0.0982 -0.9676 0.337, -0.141 -0.9688 0.3153, -0.1686 -0.9699 0.2938, 0.1506 -0.9735 0.2251, 0.1352 -0.9843 0.0197, 0.1037 -0.961 0.4631, 0.1131 -0.961 0.4631, 0.1352 -0.961 0.4631, 0.1506 -0.961 0.4631, 0.9657 -0.9657 0.374, 0.1131 -0.9843 0.0197, 0.1037 -0.9843 0.0197, 0.0854 -0.9843 0.0197, 0.0516 -0.9843 0.0197, 0.0492 -0.9843 0.0197, 0.0492 -0.9735 0.2251, 0.0492 -0.9727 0.2409, 0.0485 -0.9724 0.2458, 0.0485 -0.9726 0.2413, 0.027 -0.9726 0.2413, 0.0476 -0.9708 0.2766, 0.027 -0.9705 0.2812, 0.0476 -0.9705 0.2812, 0.0322 -0.9717 0.2593, 0.0322 -0.9724 0.2458, 0.0465 -0.9717 0.2593, 0.0465 -0.9715 0.2638, 0.0322 -0.9715 0.2638, 0.0322 -0.9708 0.2766, 0.0322 -0.9672 0.3447, 0.0322 -0.9691 0.3092, 0.0481 -0.9691 0.3092, 0.027 -0.9693 0.3047, 0.027 -0.9672 0.3447, 0.0481 -0.9693 0.3047, 0.0492 -0.961 0.4631, 0.5312 -0.9554 0.5709, 0.1632 -0.9554 0.5709, 0.1506 -0.9554 0.5709, 0.1352 -0.9554 0.5709, 0.1131 -0.9554 0.5709, 0.1037 -0.9554 0.5709, 0.0854 -0.9554 0.5709, 0.0516 -0.9554 0.5709, 0.0492 -0.9554 0.5709, 0.0106 -0.9554 0.5709, -0.5858 -0.9554 0.5709, -0.9554 -0.9554 0.5709, 0.2075 -0.9726 0.2413, 0.228 -0.9721 0.2522, 0.2114 -0.9721 0.2522, 0.1847 -0.9726 0.2421, 0.1893 -0.9725 0.2438, -0.5118 -0.8268 0.0197, -0.5118 -0.4331 0.0197, -0.0528 -0.0602 0.0197, 0.9843 -0.1969 0.0197, 0.9843 -0.4331 0.0197, 0.5118 -0.1969 0.0197, 0.5118 -0.4331 0.0197, 0.0696 -0.0602 0.0197, 0.0744 -0.0609 0.0197, 0.0776 -0.061 0.0197, 0.5118 -0.0602 0.0197, 0.9843 -0.8268 0.0197, 0.5118 -0.8268 0.0197, -0.0384 0.0586 0.0197, -0.0384 0.0456 0.0197, -0.0413 -0.0466 0.0197, -0.0528 0.9843 0.0197, 0.9843 0.9843 0.0197, 0.5118 0.8268 0.0197, 0.9843 0.8268 0.0197, 0.0451 -0.0534 0.0197, 0.0221 -0.0595 0.0197, 0.0451 -0.0404 0.0197, 0.0221 0.0586 0.0197, -0.9843 -0.8268 0.0197, 0.0577 -0.0586 0.0197, -0.0413 -0.0595 0.0197, 0.5118 0.4331 0.0197, 0.1198 0.0385 0.0197, 0.1092 0.0488 0.0197, 0.0062 -0.0062 0.0197, 0.0062 -0.0466 0.0197, -0.0355 -0.0062 0.0197, -0.0355 0.0067 0.0197, 0.0062 0.0067 0.0197, 0.0062 0.0456 0.0197, 0.0844 0.0458 0.0197, 0.0932 0.0426 0.0197, 0.0472 -0.0416 0.0197, 0.1014 0.0371 0.0197, 0.1086 0.0292 0.0197, 0.1171 -0.0017 0.0197, 0.1159 -0.0145 0.0197, 0.1127 -0.0247 0.0197, 0.0865 -0.0468 0.0197, 0.0754 -0.048 0.0197, 0.0951 -0.0436 0.0197, 0.1023 -0.0387 0.0197, 0.1078 -0.0329 0.0197, 0.0598 -0.0463 0.0197, 0.1134 0.0201 0.0197, 0.1166 0.0075 0.0197, 0.2036 -0.0595 0.0197, 0.0846 -0.0602 0.0197, 0.1431 -0.0595 0.0197, 0.0922 -0.0595 0.0197, 0.1036 -0.0555 0.0197, 0.2036 0.0586 0.0197, 0.1877 0.0586 0.0197, 0.1267 0.0275 0.0197, 0.0979 0.0552 0.0197, 0.0848 0.0591 0.0197, 0.0729 0.06 0.0197, 0.0588 0.059 0.0197, 0.0451 0.0553 0.0197, 0.0451 0.0395 0.0197, 0.0584 0.0452 0.0197, 0.0728 0.0471 0.0197, 0.5118 0.1969 0.0197, 0.9843 0.1969 0.0197, 0.9843 0.4331 0.0197, 0.1131 -0.0495 0.0197, 0.122 -0.0401 0.0197, 0.1431 -0.0466 0.0197, 0.1283 -0.0289 0.0197, 0.1877 -0.0466 0.0197, 0.1318 -0.0164 0.0197, 0.133 -0.0027 0.0197, 0.1313 0.0141 0.0197, -0.2746 -0.0595 0.0197, -0.2574 -0.0595 0.0197, -0.1681 -0.0595 0.0197, -0.1535 -0.0272 0.0197, -0.1467 -0.0377 0.0197, -0.9843 0.1969 0.0197, -0.9843 0.4331 0.0197, -0.5118 0.1969 0.0197, -0.5118 0.4331 0.0197, -0.9843 0.8268 0.0197, -0.9843 0.9843 0.0197, -0.5118 0.8268 0.0197, -0.137 -0.047 0.0197, -0.1247 -0.0542 0.0197, -0.1111 -0.0583 0.0197, -0.1415 0.0432 0.0197, -0.1499 0.0339 0.0197, -0.2127 0.0586 0.0197, -0.1554 0.0238 0.0197, -0.9843 -0.4331 0.0197, -0.9843 -0.1969 0.0197, -0.5118 -0.1969 0.0197, -0.5118 -0.0602 0.0197, -0.2285 0.0586 0.0197, -0.0965 -0.0595 0.0197, -0.1853 -0.0595 0.0197, -0.1966 -0.0264 0.0197, -0.2454 -0.0264 0.0197, -0.0643 -0.0595 0.0197, -0.0643 0.0586 0.0197, -0.0977 0.0586 0.0197, -0.1147 0.0568 0.0197, -0.1286 0.0519 0.0197, -0.1414 0.0433 0.0197, -0.1586 0.0121 0.0197, -0.1594 0.001 0.0197, -0.1578 -0.0148 0.0197, -0.981 -0.8268 0.0827, -0.981 -0.4331 0.0827, -0.973 -0.1772 0.2353, -0.9763 -0.1772 0.1712, -0.9763 0.8071 0.1712, -0.973 0.8071 0.2353, -0.9554 0.9554 0.5709, -0.973 0.4528 0.2353, -0.981 -0.1969 0.0827, -0.981 0.1969 0.0827, -0.9763 0.1772 0.1712, -0.973 -0.8071 0.2353, -0.9763 -0.8071 0.1712, -0.973 -0.4528 0.2353, -0.9763 0.4528 0.1712, -0.973 0.1772 0.2353, -0.9763 -0.4528 0.1712, -0.981 0.8268 0.0827, -0.981 0.4331 0.0827, 0.981 -0.4331 0.0827, 0.981 0.1969 0.0827, 0.9763 -0.4528 0.1712, 0.9763 -0.8071 0.1712, 0.981 -0.8268 0.0827, 0.973 -0.8071 0.2353, 0.9554 0.9554 0.5709, 0.9554 -0.5312 0.5709, 0.973 -0.4528 0.2353, 0.9657 -0.5415 0.374, 0.981 -0.1969 0.0827, 0.981 0.8268 0.0827, 0.973 0.1772 0.2353, 0.973 -0.1772 0.2353, 0.9763 -0.1772 0.1712, 0.9763 0.1772 0.1712, 0.981 0.4331 0.0827, 0.9763 0.8071 0.1712, 0.973 0.8071 0.2353, 0.973 0.4528 0.2353, 0.9763 0.4528 0.1712
            ]
        }
        coordIndex [
            0,1,2,-1,3,4,5,-1,6,7,8,-1,9,10,11,-1,11,10,12,-1,11,12,7,-1,7,12,13,-1,7,13,8,-1,8,13,14,-1,8,14,15,-1,16,17,18,-1,18,17,19,-1,18,19,20,-1,14,21,15,-1,15,21,22,-1,15,22,23,-1,23,22,24,-1,25,26,27,-1,27,26,28,-1,27,28,29,-1,30,29,31,-1,31,32,30,-1,30,32,33,-1,30,33,34,-1,34,33,35,-1,36,37,8,-1,19,6,20,-1,20,6,8,-1,20,8,28,-1,28,8,37,-1,28,37,38,-1,39,40,41,-1,41,40,42,-1,41,42,43,-1,28,44,45,-1,39,41,46,-1,46,41,44,-1,46,44,47,-1,48,49,44,-1,44,49,50,-1,44,50,47,-1,29,28,31,-1,31,28,45,-1,31,45,51,-1,51,45,52,-1,51,52,53,-1,38,54,28,-1,28,54,55,-1,28,55,44,-1,44,55,56,-1,44,56,48,-1,57,58,51,-1,59,58,60,-1,60,58,57,-1,60,57,61,-1,62,63,64,-1,64,63,65,-1,64,65,66,-1,66,65,67,-1,66,67,68,-1,68,67,69,-1,68,69,70,-1,71,72,73,-1,73,74,71,-1,71,74,75,-1,71,75,76,-1,77,78,75,-1,79,80,81,-1,82,83,75,-1,75,83,84,-1,78,85,75,-1,75,85,86,-1,75,86,76,-1,76,86,87,-1,76,87,88,-1,89,90,91,-1,91,90,92,-1,91,92,93,-1,82,75,81,-1,81,75,94,-1,81,94,79,-1,80,95,81,-1,81,95,96,-1,81,96,97,-1,84,98,75,-1,75,98,99,-1,75,99,100,-1,101,102,75,-1,75,102,103,-1,75,103,77,-1,100,104,75,-1,75,104,105,-1,75,105,101,-1,88,106,76,-1,76,106,107,-1,76,107,91,-1,91,107,108,-1,91,108,89,-1,109,110,111,-1,111,110,112,-1,111,112,113,-1,114,115,116,-1,117,118,116,-1,116,118,119,-1,116,119,114,-1,93,120,91,-1,91,120,121,-1,91,121,122,-1,123,124,116,-1,116,124,125,-1,116,125,117,-1,121,126,122,-1,122,126,127,-1,122,127,123,-1,123,127,128,-1,123,128,124,-1,129,130,131,-1,132,133,134,-1,134,133,135,-1,134,135,136,-1,136,135,137,-1,136,137,138,-1,138,137,139,-1,138,139,140,-1,140,139,141,-1,140,141,142,-1,142,141,143,-1,129,139,130,-1,130,139,137,-1,130,137,144,-1,144,137,145,-1,144,145,146,-1,146,145,147,-1,146,147,76,-1,76,147,148,-1,76,148,71,-1,71,148,149,-1,71,149,131,-1,131,149,150,-1,131,150,129,-1,151,152,144,-1,153,154,130,-1,144,152,130,-1,130,152,155,-1,130,155,153,-1,156,157,158,-1,157,159,158,-1,158,159,160,-1,158,160,161,-1,162,163,164,-1,164,163,165,-1,153,166,154,-1,154,166,167,-1,154,167,158,-1,158,167,168,-1,158,168,156,-1,165,169,164,-1,164,169,170,-1,164,170,171,-1,171,170,172,-1,171,172,173,-1,174,164,175,-1,175,164,28,-1,175,28,176,-1,176,28,26,-1,35,33,174,-1,174,33,158,-1,174,158,164,-1,164,158,161,-1,164,161,162,-1,177,178,179,-1,177,179,180,-1,181,182,183,-1,184,185,186,-1,187,181,188,-1,188,181,189,-1,190,191,192,-1,192,191,193,-1,192,193,194,-1,194,193,195,-1,196,197,195,-1,195,197,198,-1,195,198,194,-1,187,199,181,-1,181,199,200,-1,181,200,182,-1,201,202,91,-1,184,203,185,-1,185,203,204,-1,185,204,205,-1,205,204,206,-1,205,206,207,-1,208,209,179,-1,179,209,210,-1,179,210,180,-1,211,91,212,-1,212,91,202,-1,212,202,192,-1,192,202,213,-1,192,213,190,-1,211,214,91,-1,91,214,215,-1,91,215,216,-1,217,218,219,-1,219,218,220,-1,219,220,207,-1,207,220,221,-1,207,221,205,-1,222,223,195,-1,195,223,224,-1,195,224,225,-1,226,227,228,-1,228,227,229,-1,228,229,230,-1,225,231,195,-1,195,231,232,-1,195,232,196,-1,233,234,235,-1,235,234,236,-1,235,236,178,-1,226,217,227,-1,227,217,219,-1,227,219,237,-1,237,219,238,-1,237,238,239,-1,239,238,240,-1,239,240,241,-1,241,240,242,-1,243,242,236,-1,236,242,240,-1,236,240,178,-1,178,240,238,-1,178,238,179,-1,243,236,1,-1,1,236,244,-1,1,244,2,-1,245,246,2,-1,247,248,76,-1,249,250,2,-1,2,250,251,-1,216,184,91,-1,91,184,186,-1,91,186,76,-1,76,186,252,-1,76,252,247,-1,248,253,76,-1,76,253,254,-1,76,254,146,-1,146,254,255,-1,146,255,245,-1,256,257,246,-1,246,257,258,-1,246,258,2,-1,2,258,259,-1,2,259,249,-1,251,260,2,-1,2,260,261,-1,2,261,0,-1,262,263,264,-1,264,263,265,-1,264,265,266,-1,264,267,262,-1,262,267,268,-1,262,268,269,-1,269,270,262,-1,262,270,271,-1,262,271,272,-1,272,271,273,-1,272,273,274,-1,274,273,275,-1,274,275,246,-1,246,275,276,-1,246,276,256,-1,277,278,266,-1,266,278,279,-1,266,279,264,-1,280,281,230,-1,230,281,282,-1,230,282,228,-1,280,283,281,-1,281,283,284,-1,281,284,285,-1,285,284,286,-1,285,287,288,-1,286,289,285,-1,285,289,290,-1,285,290,291,-1,291,292,285,-1,285,292,293,-1,285,293,287,-1,288,294,285,-1,285,294,295,-1,285,295,296,-1,297,298,171,-1,298,23,171,-1,171,23,24,-1,171,24,164,-1,164,24,299,-1,164,299,28,-1,28,299,300,-1,28,300,20,-1,301,302,303,-1,173,151,171,-1,171,151,144,-1,171,144,297,-1,297,144,304,-1,297,304,305,-1,305,304,301,-1,305,301,306,-1,306,301,303,-1,307,308,2,-1,245,2,146,-1,146,2,308,-1,146,308,144,-1,144,308,309,-1,144,309,304,-1,310,311,307,-1,312,313,314,-1,314,313,315,-1,314,315,310,-1,310,307,314,-1,314,307,2,-1,314,2,316,-1,316,2,244,-1,316,244,317,-1,316,318,314,-1,314,318,319,-1,314,319,320,-1,321,322,323,-1,323,322,324,-1,323,324,244,-1,244,324,325,-1,244,325,317,-1,320,326,314,-1,314,326,327,-1,314,327,312,-1,328,329,330,-1,328,330,331,-1,329,332,330,-1,330,332,333,-1,330,333,323,-1,323,333,334,-1,323,334,321,-1,335,336,337,-1,337,336,338,-1,337,338,339,-1,340,341,342,-1,342,341,337,-1,342,337,343,-1,343,337,344,-1,339,345,337,-1,337,345,346,-1,337,346,344,-1,347,348,349,-1,349,348,350,-1,350,348,351,-1,351,348,69,-1,351,69,352,-1,352,69,67,-1,352,67,353,-1,67,354,355,-1,67,356,353,-1,353,356,357,-1,353,357,358,-1,358,357,359,-1,358,359,360,-1,355,361,67,-1,67,361,362,-1,67,362,356,-1,363,364,63,-1,363,63,365,-1,365,63,366,-1,365,366,367,-1,364,368,63,-1,63,368,369,-1,63,369,65,-1,65,369,370,-1,370,371,65,-1,65,371,372,-1,65,372,67,-1,67,372,373,-1,67,373,354,-1,62,374,63,-1,63,374,375,-1,63,375,376,-1,376,377,63,-1,63,377,378,-1,63,378,366,-1,379,380,381,-1,381,380,382,-1,380,383,382,-1,382,383,384,-1,382,384,385,-1,62,386,374,-1,374,386,387,-1,374,387,375,-1,375,387,382,-1,375,382,388,-1,388,382,385,-1,389,390,379,-1,379,390,391,-1,379,391,392,-1,392,393,379,-1,379,393,394,-1,379,394,380,-1,395,396,397,-1,398,399,389,-1,400,401,402,-1,402,401,403,-1,395,397,404,-1,398,389,405,-1,406,407,401,-1,401,407,408,-1,401,408,409,-1,340,410,341,-1,341,410,411,-1,341,411,389,-1,389,411,412,-1,389,412,405,-1,396,413,397,-1,397,413,414,-1,397,414,415,-1,416,417,418,-1,418,417,419,-1,418,419,420,-1,421,409,422,-1,422,409,423,-1,422,423,418,-1,418,423,424,-1,418,424,416,-1,421,425,409,-1,409,425,426,-1,409,426,401,-1,401,426,427,-1,401,427,403,-1,428,429,430,-1,430,429,431,-1,430,431,397,-1,397,431,432,-1,397,432,404,-1,433,434,397,-1,397,434,435,-1,397,435,401,-1,401,435,436,-1,401,436,406,-1,437,438,390,-1,390,438,439,-1,390,439,440,-1,440,441,390,-1,390,441,442,-1,390,442,443,-1,443,442,428,-1,443,428,444,-1,444,428,430,-1,399,445,389,-1,389,445,446,-1,389,446,390,-1,390,446,447,-1,390,447,437,-1,415,448,397,-1,397,448,449,-1,397,449,450,-1,450,451,397,-1,397,451,452,-1,397,452,433,-1,453,454,455,-1,454,456,455,-1,455,456,457,-1,455,457,458,-1,408,455,409,-1,409,455,459,-1,409,459,460,-1,461,462,463,-1,463,462,464,-1,463,464,465,-1,461,463,408,-1,408,463,466,-1,408,466,455,-1,455,466,467,-1,455,467,453,-1,468,469,470,-1,470,469,471,-1,470,471,472,-1,458,457,473,-1,473,457,474,-1,473,474,475,-1,475,474,476,-1,475,476,477,-1,460,478,409,-1,409,478,470,-1,409,470,479,-1,479,470,472,-1,480,330,481,-1,298,331,23,-1,23,331,330,-1,23,330,15,-1,15,330,480,-1,15,480,8,-1,109,72,110,-1,110,72,71,-1,110,71,482,-1,482,71,131,-1,482,131,483,-1,483,131,130,-1,483,130,484,-1,484,130,154,-1,484,154,485,-1,485,154,158,-1,485,158,5,-1,5,158,33,-1,5,33,3,-1,3,33,32,-1,3,32,486,-1,481,330,487,-1,487,330,323,-1,487,323,488,-1,488,323,244,-1,488,244,489,-1,489,244,236,-1,489,236,490,-1,490,236,234,-1,490,234,491,-1,491,234,492,-1,491,492,381,-1,233,189,234,-1,234,189,181,-1,234,181,492,-1,492,181,493,-1,494,495,493,-1,493,495,496,-1,183,201,181,-1,181,201,91,-1,181,91,493,-1,493,91,122,-1,493,122,494,-1,494,122,497,-1,381,492,379,-1,379,492,493,-1,379,493,389,-1,389,493,496,-1,389,496,341,-1,341,496,498,-1,341,498,122,-1,122,498,499,-1,122,499,497,-1,500,501,502,-1,502,501,494,-1,502,494,503,-1,503,494,497,-1,503,497,504,-1,504,497,505,-1,506,507,508,-1,509,510,337,-1,337,510,506,-1,337,506,123,-1,123,506,508,-1,123,508,122,-1,122,508,511,-1,122,511,341,-1,341,511,509,-1,341,509,337,-1,115,113,116,-1,116,113,112,-1,116,112,123,-1,123,112,512,-1,123,512,337,-1,337,512,348,-1,337,348,335,-1,335,348,347,-1,4,513,5,-1,5,513,514,-1,5,514,485,-1,485,514,515,-1,485,515,484,-1,484,515,516,-1,484,516,483,-1,483,516,517,-1,483,517,482,-1,482,517,518,-1,482,518,110,-1,110,518,519,-1,110,519,112,-1,112,519,520,-1,112,520,512,-1,512,520,521,-1,512,521,348,-1,348,521,522,-1,348,522,69,-1,69,522,523,-1,69,523,70,-1,70,523,524,-1,41,53,525,-1,525,53,526,-1,525,526,527,-1,481,61,480,-1,480,61,57,-1,480,57,8,-1,8,57,51,-1,8,51,36,-1,36,51,53,-1,36,53,528,-1,528,53,41,-1,528,41,529,-1,529,41,43,-1,530,531,532,-1,533,534,535,-1,535,534,536,-1,537,538,382,-1,382,538,539,-1,382,539,535,-1,535,539,540,-1,541,59,542,-1,542,59,60,-1,542,60,536,-1,536,60,61,-1,536,61,535,-1,535,61,481,-1,535,481,487,-1,487,488,535,-1,535,488,489,-1,535,489,490,-1,490,491,535,-1,535,491,381,-1,535,381,382,-1,543,544,545,-1,546,547,548,-1,548,547,549,-1,550,551,552,-1,552,551,553,-1,386,554,387,-1,387,554,530,-1,387,530,382,-1,382,530,532,-1,382,532,537,-1,537,532,551,-1,537,551,555,-1,555,551,550,-1,553,543,546,-1,546,543,545,-1,546,545,532,-1,532,545,556,-1,532,556,551,-1,557,558,559,-1,560,561,562,-1,562,561,545,-1,562,545,563,-1,563,545,544,-1,563,544,564,-1,564,544,565,-1,557,559,548,-1,566,567,568,-1,568,567,569,-1,568,569,570,-1,571,572,568,-1,568,572,573,-1,574,575,576,-1,576,575,577,-1,573,578,568,-1,568,578,577,-1,568,577,579,-1,579,577,575,-1,570,580,568,-1,568,580,581,-1,568,581,571,-1,582,583,584,-1,584,583,585,-1,584,585,586,-1,582,587,557,-1,557,587,588,-1,557,588,558,-1,558,588,589,-1,559,590,548,-1,548,590,591,-1,548,591,546,-1,546,591,592,-1,592,593,546,-1,546,593,594,-1,546,594,553,-1,553,594,595,-1,553,595,552,-1,552,595,596,-1,552,596,568,-1,568,596,597,-1,568,597,566,-1,539,583,540,-1,540,583,582,-1,540,582,598,-1,598,582,557,-1,598,557,599,-1,599,557,600,-1,586,601,584,-1,584,601,602,-1,584,602,603,-1,603,602,604,-1,603,604,605,-1,604,606,605,-1,605,606,607,-1,605,607,588,-1,588,607,608,-1,588,608,589,-1,609,610,532,-1,611,612,613,-1,614,615,616,-1,616,615,617,-1,618,619,620,-1,620,619,546,-1,613,621,611,-1,611,621,622,-1,611,622,623,-1,624,625,626,-1,626,625,627,-1,628,629,531,-1,531,629,630,-1,531,630,532,-1,532,630,631,-1,532,631,609,-1,609,631,616,-1,609,616,632,-1,632,616,617,-1,632,617,626,-1,623,633,611,-1,611,633,532,-1,611,532,634,-1,634,532,610,-1,634,610,635,-1,635,610,636,-1,633,637,532,-1,532,637,638,-1,532,638,546,-1,546,638,639,-1,546,639,620,-1,620,639,640,-1,620,640,617,-1,617,640,641,-1,617,641,626,-1,626,641,642,-1,626,642,624,-1,627,643,626,-1,626,643,644,-1,626,644,611,-1,611,644,645,-1,611,645,612,-1,646,554,386,-1,647,648,628,-1,628,648,649,-1,650,651,652,-1,652,651,653,-1,629,628,654,-1,654,628,649,-1,654,649,655,-1,655,649,656,-1,657,658,64,-1,64,658,62,-1,70,659,68,-1,68,659,657,-1,68,657,66,-1,66,657,64,-1,660,656,661,-1,648,652,661,-1,661,652,653,-1,661,653,660,-1,386,62,646,-1,646,62,658,-1,646,658,647,-1,647,658,662,-1,647,662,648,-1,648,662,659,-1,648,659,652,-1,652,659,70,-1,652,70,524,-1,619,618,663,-1,614,655,615,-1,615,655,656,-1,615,656,664,-1,664,656,660,-1,664,660,663,-1,663,660,650,-1,663,650,619,-1,619,650,652,-1,665,534,533,-1,58,59,541,-1,666,599,600,-1,667,668,669,-1,32,31,670,-1,670,31,51,-1,670,51,668,-1,668,51,58,-1,668,58,669,-1,669,58,541,-1,671,672,673,-1,673,672,674,-1,673,674,670,-1,670,674,486,-1,670,486,32,-1,669,665,667,-1,667,665,533,-1,667,533,673,-1,673,533,675,-1,676,549,547,-1,677,671,678,-1,678,671,673,-1,678,673,679,-1,679,673,675,-1,679,675,680,-1,675,666,680,-1,680,666,600,-1,680,600,677,-1,677,600,681,-1,681,676,682,-1,682,676,547,-1,682,547,683,-1,683,547,671,-1,683,671,684,-1,684,671,677,-1,684,677,685,-1,685,677,681,-1,685,681,682,-1,
        ]
    }
}
Shape{
    appearance Appearance {
        material  Material 	{
            diffuseColor 0.7529411764705882 0.7529411764705882 0.7529411764705882
            specularColor 0.3764705882352941 0.3764705882352941 0.3764705882352941
            ambientIntensity 0.7529
            transparency 0.0
            shininess 0.5
        }
    }
    geometry IndexedFaceSet {
        ccw TRUE
        solid FALSE
        coord DEF co Coordinate {
            point [
                -0.103 -0.6812 0.5551, -0.103 -0.6812 0.5472, -0.1941 -0.6611 0.5472, -0.6625 0.189 0.5551, -0.6625 0.189 0.5472, -0.6611 0.1941 0.5472, 0.0133 0.6888 0.5551, 0.0133 0.6888 0.5472, 0.0981 0.682 0.5472, 0.5835 0.3663 0.5551, 0.5835 0.3663 0.5472, 0.6267 0.2862 0.5472, 0.509 -0.4644 0.5551, 0.509 -0.4644 0.5472, 0.4512 -0.5207 0.5472, 0.5207 -0.4512 0.5669, 0.5796 -0.3725 0.5669, 0.5796 -0.3725 0.5551, 0.5835 -0.3663 0.5551, 0.6267 -0.2862 0.5669, 0.5835 -0.3663 0.5472, 0.5796 0.3725 0.5669, 0.5207 0.4512 0.5669, 0.5207 0.4512 0.5551, 0.509 0.4644 0.5551, 0.4512 0.5207 0.5669, 0.509 0.4644 0.5472, 0.0 0.689 0.5669, -0.0981 0.682 0.5669, -0.0981 0.682 0.5551, -0.103 0.6812 0.5551, -0.1941 0.6611 0.5669, -0.103 0.6812 0.5472, -0.6611 0.1941 0.5669, -0.682 0.0981 0.5669, -0.682 0.0981 0.5551, -0.6843 0.0804 0.5551, -0.689 0.0 0.5669, -0.6843 0.0804 0.5472, -0.682 -0.0981 0.5669, -0.6843 -0.0804 0.5551, -0.682 -0.0981 0.5551, -0.689 0.0 0.5472, -0.6843 -0.0804 0.5472, -0.6625 -0.189 0.5551, -0.6611 -0.1941 0.5669, -0.6625 -0.189 0.5472, -0.0981 -0.682 0.5669, 0.0 -0.689 0.5669, 0.0 -0.689 0.5551, 0.0133 -0.6888 0.5551, 0.0981 -0.682 0.5669, 0.0133 -0.6888 0.5472, 0.0 0.689 0.5551, 0.0981 0.682 0.5669, 0.1941 0.6611 0.5669, 0.1941 0.6611 0.5472, 0.2862 0.6267 0.5669, 0.2862 0.6267 0.5472, 0.3725 0.5796 0.5669, 0.3725 0.5796 0.5472, 0.4512 0.5207 0.5472, -0.6267 0.2862 0.5669, -0.6267 0.2862 0.5472, -0.5796 0.3725 0.5669, -0.5796 0.3725 0.5472, -0.5207 0.4512 0.5669, -0.5207 0.4512 0.5472, -0.4512 0.5207 0.5669, -0.4512 0.5207 0.5472, -0.3725 0.5796 0.5669, -0.3725 0.5796 0.5472, -0.2862 0.6267 0.5669, -0.2862 0.6267 0.5472, -0.1941 0.6611 0.5472, -0.0981 -0.682 0.5551, -0.1941 -0.6611 0.5669, -0.2862 -0.6267 0.5669, -0.2862 -0.6267 0.5472, -0.3725 -0.5796 0.5669, -0.3725 -0.5796 0.5472, -0.4512 -0.5207 0.5669, -0.4512 -0.5207 0.5472, -0.5207 -0.4512 0.5669, -0.5207 -0.4512 0.5472, -0.5796 -0.3725 0.5669, -0.5796 -0.3725 0.5472, -0.6267 -0.2862 0.5669, -0.6267 -0.2862 0.5472, -0.6611 -0.1941 0.5472, 0.5207 -0.4512 0.5551, 0.4512 -0.5207 0.5669, 0.3725 -0.5796 0.5669, 0.3725 -0.5796 0.5472, 0.2862 -0.6267 0.5669, 0.2862 -0.6267 0.5472, 0.1941 -0.6611 0.5669, 0.1941 -0.6611 0.5472, 0.0981 -0.682 0.5472, 0.5796 0.3725 0.5551, 0.6267 0.2862 0.5669, 0.6611 0.1941 0.5669, 0.6611 0.1941 0.5472, 0.682 0.0981 0.5669, 0.682 0.0981 0.5472, 0.689 -0.0 0.5669, 0.689 -0.0 0.5472, 0.682 -0.0981 0.5669, 0.682 -0.0981 0.5472, 0.6611 -0.1941 0.5669, 0.6611 -0.1941 0.5472, 0.6267 -0.2862 0.5472, -0.103 -0.1412 0.5472, -0.4444 -0.1412 0.5472, -0.4444 -0.189 0.5472, 0.1943 -0.4644 0.5472, 0.1943 -0.2419 0.5472, 0.0133 -0.2419 0.5472, 0.3261 0.3663 0.5472, 0.3261 -0.3663 0.5472, 0.0133 0.2419 0.5472, 0.1943 0.2419 0.5472, 0.1943 0.4644 0.5472, -0.4444 0.1412 0.5472, -0.103 0.1412 0.5472, -0.4444 0.189 0.5472
            ]
        }
        coordIndex [
            0,1,2,-1,3,4,5,-1,6,7,8,-1,9,10,11,-1,12,13,14,-1,15,16,17,-1,17,16,18,-1,18,16,19,-1,18,19,20,-1,21,22,23,-1,23,22,24,-1,24,22,25,-1,24,25,26,-1,27,28,29,-1,29,28,30,-1,30,28,31,-1,30,31,32,-1,33,34,35,-1,35,34,36,-1,36,34,37,-1,36,37,38,-1,37,39,40,-1,40,39,41,-1,38,37,42,-1,42,37,40,-1,42,40,43,-1,41,39,44,-1,44,39,45,-1,44,45,46,-1,47,48,49,-1,49,48,50,-1,50,48,51,-1,50,51,52,-1,29,53,27,-1,27,53,6,-1,27,6,54,-1,54,6,8,-1,54,8,55,-1,55,8,56,-1,55,56,57,-1,57,56,58,-1,57,58,59,-1,59,58,60,-1,59,60,25,-1,25,60,61,-1,25,61,26,-1,35,3,33,-1,33,3,5,-1,33,5,62,-1,62,5,63,-1,62,63,64,-1,64,63,65,-1,64,65,66,-1,66,65,67,-1,66,67,68,-1,68,67,69,-1,68,69,70,-1,70,69,71,-1,70,71,72,-1,72,71,73,-1,72,73,31,-1,31,73,74,-1,31,74,32,-1,49,75,47,-1,47,75,0,-1,47,0,76,-1,76,0,2,-1,76,2,77,-1,77,2,78,-1,77,78,79,-1,79,78,80,-1,79,80,81,-1,81,80,82,-1,81,82,83,-1,83,82,84,-1,83,84,85,-1,85,84,86,-1,85,86,87,-1,87,86,88,-1,87,88,45,-1,45,88,89,-1,45,89,46,-1,17,90,15,-1,15,90,12,-1,15,12,91,-1,91,12,14,-1,91,14,92,-1,92,14,93,-1,92,93,94,-1,94,93,95,-1,94,95,96,-1,96,95,97,-1,96,97,51,-1,51,97,98,-1,51,98,52,-1,23,99,21,-1,21,99,9,-1,21,9,100,-1,100,9,11,-1,100,11,101,-1,101,11,102,-1,101,102,103,-1,103,102,104,-1,103,104,105,-1,105,104,106,-1,105,106,107,-1,107,106,108,-1,107,108,109,-1,109,108,110,-1,109,110,19,-1,19,110,111,-1,19,111,20,-1,112,113,1,-1,1,113,114,-1,1,114,2,-1,46,89,114,-1,114,89,88,-1,82,80,114,-1,114,80,78,-1,114,78,2,-1,88,86,114,-1,114,86,84,-1,114,84,82,-1,115,116,117,-1,14,13,115,-1,117,52,115,-1,115,52,98,-1,115,98,97,-1,97,95,115,-1,115,95,93,-1,115,93,14,-1,11,10,118,-1,119,20,111,-1,108,106,118,-1,119,111,118,-1,118,111,110,-1,118,110,108,-1,106,104,118,-1,118,104,102,-1,118,102,11,-1,120,121,7,-1,7,121,122,-1,7,122,8,-1,26,61,122,-1,122,61,60,-1,60,58,122,-1,122,58,56,-1,122,56,8,-1,123,124,125,-1,125,124,32,-1,32,74,125,-1,125,74,73,-1,125,73,71,-1,71,69,125,-1,125,69,67,-1,125,67,65,-1,65,63,125,-1,125,63,5,-1,125,5,4,-1,
        ]
    }
}
Shape{
    appearance Appearance {
        material  Material 	{
            diffuseColor 1.0 1.0 1.0
            specularColor 0.5019607843137255 0.5019607843137255 0.5019607843137255
            ambientIntensity 1.0
            transparency 0.0
            shininess 0.5
        }
    }
    geometry IndexedFaceSet {
        ccw TRUE
        solid FALSE
        coord DEF co Coordinate {
            point [
                0.9554 0.9554 0.5709, 0.9843 0.9843 0.0197, -0.9554 0.9554 0.5709, -0.0528 0.9843 0.0197, -0.9843 0.9843 0.0197, -0.584 -0.5282 0.5709, -0.6492 -0.4456 0.5709, -0.9554 -0.9554 0.5709, -0.7028 -0.3551 0.5709, -0.7438 -0.2583 0.5709, 0.283 0.7348 0.5709, 0.3784 0.6905 0.5709, 0.9554 -0.5312 0.5709, 0.7594 -0.208 0.5709, 0.7249 -0.3074 0.5709, -0.7716 0.1568 0.5709, -0.7438 0.2583 0.5709, -0.7028 0.3551 0.5709, 0.1825 0.766 0.5709, 0.4671 0.6339 0.5709, 0.5474 0.566 0.5709, 0.618 0.488 0.5709, -0.7716 -0.1568 0.5709, -0.7856 -0.0526 0.5709, -0.7856 0.0526 0.5709, -0.6492 0.4456 0.5709, -0.584 0.5282 0.5709, -0.5084 0.6013 0.5709, -0.4237 0.6637 0.5709, -0.3314 0.7142 0.5709, -0.2333 0.752 0.5709, 0.6775 0.4013 0.5709, 0.7249 0.3074 0.5709, 0.7594 0.208 0.5709, -0.2333 -0.752 0.5709, -0.5858 -0.9554 0.5709, -0.131 -0.7764 0.5709, 0.0106 -0.9554 0.5709, -0.0263 -0.787 0.5709, 0.7804 0.105 0.5709, 0.7874 0.0 0.5709, 0.7804 -0.105 0.5709, 0.6775 -0.4013 0.5709, 0.618 -0.488 0.5709, 0.5312 -0.9554 0.5709, 0.5474 -0.566 0.5709, 0.4671 -0.6339 0.5709, 0.0788 -0.7834 0.5709, 0.0492 -0.9554 0.5709, 0.0516 -0.9554 0.5709, 0.1131 -0.9554 0.5709, 0.1825 -0.766 0.5709, 0.1352 -0.9554 0.5709, 0.3784 -0.6905 0.5709, 0.283 -0.7348 0.5709, 0.1632 -0.9554 0.5709, 0.1506 -0.9554 0.5709, 0.0854 -0.9554 0.5709, 0.1037 -0.9554 0.5709, -0.131 0.7764 0.5709, -0.0263 0.787 0.5709, 0.0788 0.7834 0.5709, -0.3314 -0.7142 0.5709, -0.4237 -0.6637 0.5709, -0.5084 -0.6013 0.5709, 0.7874 -0.0 0.5669, 0.7804 0.105 0.5669, 0.7594 0.208 0.5669, 0.7249 0.3074 0.5669, 0.6775 0.4013 0.5669, 0.618 0.488 0.5669, 0.5474 0.566 0.5669, 0.4671 0.6339 0.5669, 0.3784 0.6905 0.5669, 0.283 0.7348 0.5669, 0.1825 0.766 0.5669, 0.0788 0.7834 0.5669, -0.0263 0.787 0.5669, -0.131 0.7764 0.5669, -0.2333 0.752 0.5669, -0.3314 0.7142 0.5669, -0.4237 0.6637 0.5669, -0.5084 0.6013 0.5669, -0.584 0.5282 0.5669, -0.6492 0.4456 0.5669, -0.7028 0.3551 0.5669, -0.7438 0.2583 0.5669, -0.7716 0.1568 0.5669, -0.7856 0.0526 0.5669, -0.7856 -0.0526 0.5669, -0.7716 -0.1568 0.5669, -0.7438 -0.2583 0.5669, -0.7028 -0.3551 0.5669, -0.6492 -0.4456 0.5669, -0.584 -0.5282 0.5669, -0.5084 -0.6013 0.5669, -0.4237 -0.6637 0.5669, -0.3314 -0.7142 0.5669, -0.2333 -0.752 0.5669, -0.131 -0.7764 0.5669, -0.0263 -0.787 0.5669, 0.0788 -0.7834 0.5669, 0.1825 -0.766 0.5669, 0.283 -0.7348 0.5669, 0.3784 -0.6905 0.5669, 0.4671 -0.6339 0.5669, 0.5474 -0.566 0.5669, 0.618 -0.488 0.5669, 0.6775 -0.4013 0.5669, 0.7249 -0.3074 0.5669, 0.7594 -0.208 0.5669, 0.7804 -0.105 0.5669, -0.682 0.0981 0.5669, -0.689 0.0 0.5669, -0.682 -0.0981 0.5669, -0.6611 -0.1941 0.5669, -0.6267 -0.2862 0.5669, -0.5796 -0.3725 0.5669, -0.5207 -0.4512 0.5669, -0.4512 -0.5207 0.5669, -0.3725 -0.5796 0.5669, -0.2862 -0.6267 0.5669, -0.1941 -0.6611 0.5669, -0.0981 -0.682 0.5669, 0.0 -0.689 0.5669, 0.0981 -0.682 0.5669, 0.1941 -0.6611 0.5669, 0.2862 -0.6267 0.5669, 0.3725 -0.5796 0.5669, 0.3725 0.5796 0.5669, 0.2862 0.6267 0.5669, 0.1941 0.6611 0.5669, 0.0981 0.682 0.5669, 0.0 0.689 0.5669, -0.0981 0.682 0.5669, -0.1941 0.6611 0.5669, -0.2862 0.6267 0.5669, -0.3725 0.5796 0.5669, -0.4512 0.5207 0.5669, -0.5207 0.4512 0.5669, -0.5796 0.3725 0.5669, -0.6267 0.2862 0.5669, -0.6611 0.1941 0.5669, 0.4512 -0.5207 0.5669, 0.5207 -0.4512 0.5669, 0.5796 -0.3725 0.5669, 0.6267 -0.2862 0.5669, 0.6611 -0.1941 0.5669, 0.682 -0.0981 0.5669, 0.689 -0.0 0.5669, 0.682 0.0981 0.5669, 0.6611 0.1941 0.5669, 0.6267 0.2862 0.5669, 0.5796 0.3725 0.5669, 0.5207 0.4512 0.5669, 0.4512 0.5207 0.5669
            ]
        }
        coordIndex [
            0,1,2,-1,2,1,3,-1,2,3,4,-1,5,6,7,-1,7,6,8,-1,7,8,9,-1,10,11,0,-1,12,13,14,-1,15,16,2,-1,2,16,17,-1,10,0,18,-1,11,19,0,-1,0,19,20,-1,0,20,21,-1,9,22,7,-1,7,22,23,-1,7,23,2,-1,2,23,24,-1,2,24,15,-1,17,25,2,-1,2,25,26,-1,2,26,27,-1,27,28,2,-1,2,28,29,-1,2,29,30,-1,21,31,0,-1,0,31,32,-1,0,32,33,-1,34,35,36,-1,36,35,37,-1,36,37,38,-1,33,39,0,-1,0,39,40,-1,0,40,12,-1,12,40,41,-1,12,41,13,-1,14,42,12,-1,12,42,43,-1,12,43,44,-1,44,43,45,-1,44,45,46,-1,38,37,47,-1,47,37,48,-1,47,48,49,-1,47,50,51,-1,51,50,52,-1,46,53,44,-1,44,53,54,-1,44,54,55,-1,55,54,51,-1,55,51,56,-1,56,51,52,-1,49,57,47,-1,47,57,58,-1,47,58,50,-1,30,59,2,-1,2,59,60,-1,2,60,0,-1,0,60,61,-1,0,61,18,-1,34,62,35,-1,35,62,63,-1,35,63,7,-1,7,63,64,-1,7,64,5,-1,65,40,66,-1,66,40,39,-1,66,39,67,-1,67,39,33,-1,67,33,68,-1,68,33,32,-1,68,32,69,-1,69,32,31,-1,69,31,70,-1,70,31,21,-1,70,21,71,-1,71,21,20,-1,71,20,72,-1,72,20,19,-1,72,19,73,-1,73,19,11,-1,73,11,74,-1,74,11,10,-1,74,10,75,-1,75,10,18,-1,75,18,76,-1,76,18,61,-1,76,61,77,-1,77,61,60,-1,77,60,78,-1,78,60,59,-1,78,59,79,-1,79,59,30,-1,79,30,80,-1,80,30,29,-1,80,29,81,-1,81,29,28,-1,81,28,82,-1,82,28,27,-1,82,27,83,-1,83,27,26,-1,83,26,84,-1,84,26,25,-1,84,25,85,-1,85,25,17,-1,85,17,86,-1,86,17,16,-1,86,16,87,-1,87,16,15,-1,87,15,88,-1,88,15,24,-1,88,24,89,-1,89,24,23,-1,89,23,90,-1,90,23,22,-1,90,22,91,-1,91,22,9,-1,91,9,92,-1,92,9,8,-1,92,8,93,-1,93,8,6,-1,93,6,94,-1,94,6,5,-1,94,5,95,-1,95,5,64,-1,95,64,96,-1,96,64,63,-1,96,63,97,-1,97,63,62,-1,97,62,98,-1,98,62,34,-1,98,34,99,-1,99,34,36,-1,99,36,100,-1,100,36,38,-1,100,38,101,-1,101,38,47,-1,101,47,102,-1,102,47,51,-1,102,51,103,-1,103,51,54,-1,103,54,104,-1,104,54,53,-1,104,53,105,-1,105,53,46,-1,105,46,106,-1,106,46,45,-1,106,45,107,-1,107,45,43,-1,107,43,108,-1,108,43,42,-1,108,42,109,-1,109,42,14,-1,109,14,110,-1,110,14,13,-1,110,13,111,-1,111,13,41,-1,111,41,65,-1,65,41,40,-1,112,88,113,-1,113,88,89,-1,113,89,114,-1,114,89,90,-1,114,90,115,-1,115,90,91,-1,115,91,116,-1,116,91,92,-1,116,92,117,-1,117,92,93,-1,117,93,118,-1,118,93,94,-1,118,94,119,-1,119,94,95,-1,119,95,120,-1,120,95,96,-1,120,96,121,-1,121,96,97,-1,121,97,122,-1,122,97,98,-1,122,98,123,-1,123,98,99,-1,123,99,124,-1,124,99,100,-1,124,100,125,-1,125,100,101,-1,125,101,126,-1,126,101,102,-1,126,102,127,-1,127,102,103,-1,127,103,128,-1,129,73,130,-1,130,73,74,-1,130,74,131,-1,131,74,75,-1,131,75,132,-1,132,75,76,-1,132,76,133,-1,133,76,77,-1,133,77,134,-1,134,77,78,-1,134,78,135,-1,135,78,79,-1,135,79,136,-1,136,79,80,-1,136,80,137,-1,137,80,81,-1,137,81,138,-1,138,81,82,-1,138,82,139,-1,139,82,83,-1,139,83,140,-1,140,83,84,-1,140,84,141,-1,141,84,85,-1,141,85,142,-1,142,85,86,-1,142,86,112,-1,112,86,87,-1,112,87,88,-1,103,104,128,-1,128,104,105,-1,128,105,143,-1,143,105,106,-1,143,106,144,-1,144,106,107,-1,144,107,145,-1,145,107,108,-1,145,108,146,-1,146,108,109,-1,146,109,147,-1,147,109,110,-1,147,110,148,-1,148,110,111,-1,148,111,149,-1,149,111,65,-1,149,65,150,-1,150,65,66,-1,150,66,151,-1,151,66,67,-1,151,67,152,-1,152,67,68,-1,152,68,153,-1,153,68,69,-1,153,69,154,-1,154,69,70,-1,154,70,155,-1,155,70,71,-1,155,71,129,-1,129,71,72,-1,129,72,73,-1,
        ]
    }
}
Shape{
    appearance Appearance {
        material  Material 	{
            diffuseColor 0.7529411764705882 0.7529411764705882 0.7529411764705882
            specularColor 0.3764705882352941 0.3764705882352941 0.3764705882352941
            ambientIntensity 0.7529
            transparency 0.0
            shininess 0.5
        }
    }
    geometry IndexedFaceSet {
        ccw TRUE
        solid FALSE
        coord DEF co Coordinate {
            point [
                -0.689 0.0 0.5472, -0.6843 -0.0804 0.5472, -0.0096 -0.0804 0.5472, -0.6843 0.0804 0.5472, -0.0096 0.0804 0.5472, 0.077 0.1502 0.5472, 0.077 -0.1502 0.5472, 0.1943 0.1502 0.5472, 0.1943 -0.1502 0.5472
            ]
        }
        coordIndex [
            0,1,2,-1,3,0,4,-1,4,0,2,-1,4,2,5,-1,5,2,6,-1,5,6,7,-1,7,6,8,-1,
        ]
    }
}
Shape{
    appearance Appearance {
        material  Material 	{
            diffuseColor 1.0 1.0 1.0
            specularColor 0.5019607843137255 0.5019607843137255 0.5019607843137255
            ambientIntensity 1.0
            transparency 0.0
            shininess 0.5
        }
    }
    geometry IndexedFaceSet {
        ccw TRUE
        solid FALSE
        coord DEF co Coordinate {
            point [
                0.1943 0.1502 0.5551, 0.077 0.1502 0.5551, 0.1943 0.1502 0.5472, 0.077 0.1502 0.5472, 0.1943 -0.1502 0.5551, 0.1943 -0.1502 0.5472, 0.077 -0.1502 0.5551, 0.077 -0.1502 0.5472, -0.0096 -0.0804 0.5551, -0.0096 -0.0804 0.5472, -0.6843 -0.0804 0.5551, -0.6843 -0.0804 0.5472, -0.4444 -0.189 0.5551, -0.6625 -0.189 0.5551, -0.4444 -0.189 0.5472, -0.6625 -0.189 0.5472, -0.4444 -0.1412 0.5551, -0.4444 -0.1412 0.5472, -0.103 -0.1412 0.5551, -0.103 -0.1412 0.5472, -0.103 -0.6812 0.5551, -0.103 -0.6812 0.5472, 0.0133 -0.2419 0.5551, 0.0133 -0.6888 0.5551, 0.0133 -0.2419 0.5472, 0.0133 -0.6888 0.5472, 0.1943 -0.2419 0.5551, 0.1943 -0.2419 0.5472, 0.1943 -0.4644 0.5551, 0.1943 -0.4644 0.5472, 0.509 -0.4644 0.5551, 0.509 -0.4644 0.5472, 0.3261 -0.3663 0.5551, 0.5835 -0.3663 0.5551, 0.3261 -0.3663 0.5472, 0.5835 -0.3663 0.5472, 0.3261 0.3663 0.5551, 0.3261 0.3663 0.5472, 0.5835 0.3663 0.5551, 0.5835 0.3663 0.5472, 0.1943 0.4644 0.5551, 0.509 0.4644 0.5551, 0.1943 0.4644 0.5472, 0.509 0.4644 0.5472, 0.1943 0.2419 0.5551, 0.1943 0.2419 0.5472, 0.0133 0.2419 0.5551, 0.0133 0.2419 0.5472, 0.0133 0.6888 0.5551, 0.0133 0.6888 0.5472, -0.103 0.1412 0.5551, -0.103 0.6812 0.5551, -0.103 0.1412 0.5472, -0.103 0.6812 0.5472, -0.4444 0.1412 0.5551, -0.4444 0.1412 0.5472, -0.4444 0.189 0.5551, -0.4444 0.189 0.5472, -0.6625 0.189 0.5551, -0.6625 0.189 0.5472, -0.0096 0.0804 0.5551, -0.6843 0.0804 0.5551, -0.0096 0.0804 0.5472, -0.6843 0.0804 0.5472, 0.0 -0.689 0.5551, -0.0981 0.682 0.5551, -0.682 -0.0981 0.5551, 0.5796 -0.3725 0.5551, -0.0981 -0.682 0.5551, -0.682 0.0981 0.5551, 0.5207 -0.4512 0.5551, 0.0 0.689 0.5551, 0.5207 0.4512 0.5551, 0.5796 0.3725 0.5551, 0.5118 -0.1969 0.0827, 0.5118 0.1969 0.0827, 0.981 -0.1969 0.0827, 0.981 0.1969 0.0827, 0.5118 -0.1969 0.0197, 0.9843 -0.1969 0.0197, 0.5118 0.1969 0.0197, 0.9843 0.1969 0.0197, 0.5118 -0.0602 0.0197, 0.5118 -0.8268 0.0827, 0.5118 -0.4331 0.0827, 0.981 -0.8268 0.0827, 0.981 -0.4331 0.0827, 0.5118 -0.8268 0.0197, 0.9843 -0.8268 0.0197, 0.5118 -0.4331 0.0197, 0.9843 -0.4331 0.0197, 0.5118 0.4331 0.0827, 0.5118 0.8268 0.0827, 0.981 0.4331 0.0827, 0.981 0.8268 0.0827, 0.5118 0.4331 0.0197, 0.9843 0.4331 0.0197, 0.5118 0.8268 0.0197, 0.9843 0.8268 0.0197, -0.5118 0.1969 0.0827, -0.5118 -0.1969 0.0827, -0.981 0.1969 0.0827, -0.981 -0.1969 0.0827, -0.5118 0.1969 0.0197, -0.9843 0.1969 0.0197, -0.5118 -0.1969 0.0197, -0.9843 -0.1969 0.0197, -0.5118 -0.0602 0.0197, -0.5118 0.8268 0.0827, -0.5118 0.4331 0.0827, -0.981 0.8268 0.0827, -0.981 0.4331 0.0827, -0.5118 0.8268 0.0197, -0.9843 0.8268 0.0197, -0.5118 0.4331 0.0197, -0.9843 0.4331 0.0197, -0.5118 -0.4331 0.0827, -0.5118 -0.8268 0.0827, -0.981 -0.4331 0.0827, -0.981 -0.8268 0.0827, -0.5118 -0.4331 0.0197, -0.9843 -0.4331 0.0197, -0.5118 -0.8268 0.0197, -0.9843 -0.8268 0.0197
            ]
        }
        coordIndex [
            0,1,2,-1,2,1,3,-1,4,0,5,-1,5,0,2,-1,6,4,7,-1,7,4,5,-1,8,6,9,-1,9,6,7,-1,10,8,11,-1,11,8,9,-1,12,13,14,-1,14,13,15,-1,16,12,17,-1,17,12,14,-1,18,16,19,-1,19,16,17,-1,20,18,21,-1,21,18,19,-1,22,23,24,-1,24,23,25,-1,26,22,27,-1,27,22,24,-1,28,26,29,-1,29,26,27,-1,30,28,31,-1,31,28,29,-1,32,33,34,-1,34,33,35,-1,36,32,37,-1,37,32,34,-1,38,36,39,-1,39,36,37,-1,40,41,42,-1,42,41,43,-1,44,40,45,-1,45,40,42,-1,46,44,47,-1,47,44,45,-1,48,46,49,-1,49,46,47,-1,50,51,52,-1,52,51,53,-1,54,50,55,-1,55,50,52,-1,56,54,57,-1,57,54,55,-1,58,56,59,-1,59,56,57,-1,60,61,62,-1,62,61,63,-1,1,60,3,-1,3,60,62,-1,64,23,22,-1,65,51,50,-1,13,12,66,-1,66,12,16,-1,66,16,10,-1,67,33,32,-1,28,32,26,-1,26,32,36,-1,18,20,22,-1,22,20,68,-1,22,68,64,-1,54,61,60,-1,36,40,44,-1,61,54,69,-1,69,54,56,-1,69,56,58,-1,28,30,32,-1,32,30,70,-1,32,70,67,-1,10,16,8,-1,8,16,18,-1,8,18,6,-1,6,18,22,-1,6,22,4,-1,65,50,71,-1,71,50,46,-1,71,46,48,-1,41,40,72,-1,72,40,36,-1,72,36,73,-1,73,36,38,-1,22,26,4,-1,4,26,36,-1,4,36,0,-1,0,36,44,-1,0,44,1,-1,1,44,46,-1,1,46,60,-1,60,46,50,-1,60,50,54,-1,74,75,76,-1,76,75,77,-1,74,76,78,-1,78,76,79,-1,80,81,75,-1,75,81,77,-1,80,75,82,-1,82,75,74,-1,82,74,78,-1,83,84,85,-1,85,84,86,-1,83,85,87,-1,87,85,88,-1,89,90,84,-1,84,90,86,-1,84,83,89,-1,89,83,87,-1,91,92,93,-1,93,92,94,-1,91,93,95,-1,95,93,96,-1,97,98,92,-1,92,98,94,-1,92,91,97,-1,97,91,95,-1,99,100,101,-1,101,100,102,-1,103,99,104,-1,104,99,101,-1,100,105,102,-1,102,105,106,-1,99,103,100,-1,100,103,107,-1,100,107,105,-1,108,109,110,-1,110,109,111,-1,112,108,113,-1,113,108,110,-1,109,114,111,-1,111,114,115,-1,109,108,114,-1,114,108,112,-1,116,117,118,-1,118,117,119,-1,120,116,121,-1,121,116,118,-1,117,122,119,-1,119,122,123,-1,117,116,122,-1,122,116,120,-1,
        ]
    }
}
Shape{
    appearance Appearance {
        material  Material 	{
            diffuseColor 0.7529411764705882 0.7529411764705882 0.7529411764705882
            specularColor 0.3764705882352941 0.3764705882352941 0.3764705882352941
            ambientIntensity 0.7529
            transparency 0.0
            shininess 0.5
        }
    }
    geometry IndexedFaceSet {
        ccw TRUE
        solid FALSE
        coord DEF co Coordinate {
            point [
                0.973 0.1772 0.2353, 0.973 -0.1772 0.2353, 0.9918 -0.1772 0.2301, 0.9918 0.1772 0.2301, 1.0089 -0.1772 0.2207, 1.0089 0.1772 0.2207, 1.0233 -0.1772 0.2075, 1.0233 0.1772 0.2075, 1.0342 -0.1772 0.1913, 1.0342 0.1772 0.1913, 1.041 -0.1772 0.1729, 1.041 0.1772 0.1729, 1.0433 -0.1772 0.1535, 1.0433 0.1772 0.1535, 0.9843 0.1772 0.1535, 0.9843 -0.1772 0.1535, 0.9837 0.1772 0.1585, 0.9837 -0.1772 0.1585, 0.9822 0.1772 0.1632, 0.9822 -0.1772 0.1632, 0.9797 0.1772 0.1675, 0.9797 -0.1772 0.1675, 0.9763 0.1772 0.1712, 0.9763 -0.1772 0.1712, 0.6693 0.1772 0.0, 0.6693 0.1772 0.0591, 0.9606 0.1772 0.0, 0.9606 0.1772 0.0591, 0.982 0.1772 0.0028, 0.9667 0.1772 0.0599, 1.002 0.1772 0.0111, 0.9724 0.1772 0.0622, 1.0191 0.1772 0.0242, 0.9773 0.1772 0.066, 1.0322 0.1772 0.0413, 0.9811 0.1772 0.0709, 1.0405 0.1772 0.0613, 0.9834 0.1772 0.0766, 1.0433 0.1772 0.0827, 0.9843 0.1772 0.0827, 0.6693 -0.1772 0.0591, 0.6693 -0.1772 0.0, 0.9606 -0.1772 0.0591, 0.9606 -0.1772 0.0, 0.9667 -0.1772 0.0599, 0.982 -0.1772 0.0028, 0.9724 -0.1772 0.0622, 1.002 -0.1772 0.0111, 0.9773 -0.1772 0.066, 1.0191 -0.1772 0.0242, 0.9811 -0.1772 0.0709, 1.0322 -0.1772 0.0413, 0.9834 -0.1772 0.0766, 1.0405 -0.1772 0.0613, 0.9843 -0.1772 0.0827, 1.0433 -0.1772 0.0827, 0.973 0.8071 0.2353, 0.973 0.4528 0.2353, 0.9918 0.4528 0.2301, 0.9918 0.8071 0.2301, 1.0089 0.4528 0.2207, 1.0089 0.8071 0.2207, 1.0233 0.4528 0.2075, 1.0233 0.8071 0.2075, 1.0342 0.4528 0.1913, 1.0342 0.8071 0.1913, 1.041 0.4528 0.1729, 1.041 0.8071 0.1729, 1.0433 0.4528 0.1535, 1.0433 0.8071 0.1535, 0.9843 0.8071 0.1535, 0.9843 0.4528 0.1535, 0.9837 0.8071 0.1585, 0.9837 0.4528 0.1585, 0.9822 0.8071 0.1632, 0.9822 0.4528 0.1632, 0.9797 0.8071 0.1675, 0.9797 0.4528 0.1675, 0.9763 0.8071 0.1712, 0.9763 0.4528 0.1712, 0.6693 0.8071 0.0, 0.6693 0.8071 0.0591, 0.9606 0.8071 0.0, 0.9606 0.8071 0.0591, 0.982 0.8071 0.0028, 0.9667 0.8071 0.0599, 1.002 0.8071 0.0111, 0.9724 0.8071 0.0622, 1.0191 0.8071 0.0242, 0.9773 0.8071 0.066, 1.0322 0.8071 0.0413, 0.9811 0.8071 0.0709, 1.0405 0.8071 0.0613, 0.9834 0.8071 0.0766, 1.0433 0.8071 0.0827, 0.9843 0.8071 0.0827, 0.6693 0.4528 0.0591, 0.6693 0.4528 0.0, 0.9606 0.4528 0.0591, 0.9606 0.4528 0.0, 0.9667 0.4528 0.0599, 0.982 0.4528 0.0028, 0.9724 0.4528 0.0622, 1.002 0.4528 0.0111, 0.9773 0.4528 0.066, 1.0191 0.4528 0.0242, 0.9811 0.4528 0.0709, 1.0322 0.4528 0.0413, 0.9834 0.4528 0.0766, 1.0405 0.4528 0.0613, 0.9843 0.4528 0.0827, 1.0433 0.4528 0.0827, 0.973 -0.4528 0.2353, 0.973 -0.8071 0.2353, 0.9918 -0.8071 0.2301, 0.9918 -0.4528 0.2301, 1.0089 -0.8071 0.2207, 1.0089 -0.4528 0.2207, 1.0233 -0.8071 0.2075, 1.0233 -0.4528 0.2075, 1.0342 -0.8071 0.1913, 1.0342 -0.4528 0.1913, 1.041 -0.8071 0.1729, 1.041 -0.4528 0.1729, 1.0433 -0.8071 0.1535, 1.0433 -0.4528 0.1535, 0.9843 -0.4528 0.1535, 0.9843 -0.8071 0.1535, 0.9837 -0.4528 0.1585, 0.9837 -0.8071 0.1585, 0.9822 -0.4528 0.1632, 0.9822 -0.8071 0.1632, 0.9797 -0.4528 0.1675, 0.9797 -0.8071 0.1675, 0.9763 -0.4528 0.1712, 0.9763 -0.8071 0.1712, 0.6693 -0.4528 0.0, 0.6693 -0.4528 0.0591, 0.9606 -0.4528 0.0, 0.9606 -0.4528 0.0591, 0.982 -0.4528 0.0028, 0.9667 -0.4528 0.0599, 1.002 -0.4528 0.0111, 0.9724 -0.4528 0.0622, 1.0191 -0.4528 0.0242, 0.9773 -0.4528 0.066, 1.0322 -0.4528 0.0413, 0.9811 -0.4528 0.0709, 1.0405 -0.4528 0.0613, 0.9834 -0.4528 0.0766, 1.0433 -0.4528 0.0827, 0.9843 -0.4528 0.0827, 0.6693 -0.8071 0.0591, 0.6693 -0.8071 0.0, 0.9606 -0.8071 0.0591, 0.9606 -0.8071 0.0, 0.9667 -0.8071 0.0599, 0.982 -0.8071 0.0028, 0.9724 -0.8071 0.0622, 1.002 -0.8071 0.0111, 0.9773 -0.8071 0.066, 1.0191 -0.8071 0.0242, 0.9811 -0.8071 0.0709, 1.0322 -0.8071 0.0413, 0.9834 -0.8071 0.0766, 1.0405 -0.8071 0.0613, 0.9843 -0.8071 0.0827, 1.0433 -0.8071 0.0827, -0.9763 0.1772 0.1712, -0.9763 -0.1772 0.1712, -0.9797 0.1772 0.1675, -0.9797 -0.1772 0.1675, -0.9822 0.1772 0.1632, -0.9822 -0.1772 0.1632, -0.9837 0.1772 0.1585, -0.9837 -0.1772 0.1585, -0.9843 0.1772 0.1535, -0.9843 -0.1772 0.1535, -1.0433 0.1772 0.1535, -1.0433 -0.1772 0.1535, -1.041 -0.1772 0.1729, -1.041 0.1772 0.1729, -1.0342 -0.1772 0.1913, -1.0342 0.1772 0.1913, -1.0233 -0.1772 0.2075, -1.0233 0.1772 0.2075, -1.0089 -0.1772 0.2207, -1.0089 0.1772 0.2207, -0.9918 -0.1772 0.2301, -0.9918 0.1772 0.2301, -0.973 -0.1772 0.2353, -0.973 0.1772 0.2353, -0.6693 0.1772 0.0591, -0.6693 0.1772 0.0, -0.9606 0.1772 0.0591, -0.9606 0.1772 0.0, -0.9667 0.1772 0.0599, -0.982 0.1772 0.0028, -0.9724 0.1772 0.0622, -1.002 0.1772 0.0111, -0.9773 0.1772 0.066, -1.0191 0.1772 0.0242, -0.9811 0.1772 0.0709, -1.0322 0.1772 0.0413, -0.9834 0.1772 0.0766, -1.0405 0.1772 0.0613, -0.9843 0.1772 0.0827, -1.0433 0.1772 0.0827, -0.6693 -0.1772 0.0, -0.6693 -0.1772 0.0591, -0.9606 -0.1772 0.0, -0.9606 -0.1772 0.0591, -0.982 -0.1772 0.0028, -0.9667 -0.1772 0.0599, -1.002 -0.1772 0.0111, -0.9724 -0.1772 0.0622, -1.0191 -0.1772 0.0242, -0.9773 -0.1772 0.066, -1.0322 -0.1772 0.0413, -0.9811 -0.1772 0.0709, -1.0405 -0.1772 0.0613, -0.9834 -0.1772 0.0766, -1.0433 -0.1772 0.0827, -0.9843 -0.1772 0.0827, -0.9763 0.8071 0.1712, -0.9763 0.4528 0.1712, -0.9797 0.8071 0.1675, -0.9797 0.4528 0.1675, -0.9822 0.8071 0.1632, -0.9822 0.4528 0.1632, -0.9837 0.8071 0.1585, -0.9837 0.4528 0.1585, -0.9843 0.8071 0.1535, -0.9843 0.4528 0.1535, -1.0433 0.8071 0.1535, -1.0433 0.4528 0.1535, -1.041 0.4528 0.1729, -1.041 0.8071 0.1729, -1.0342 0.4528 0.1913, -1.0342 0.8071 0.1913, -1.0233 0.4528 0.2075, -1.0233 0.8071 0.2075, -1.0089 0.4528 0.2207, -1.0089 0.8071 0.2207, -0.9918 0.4528 0.2301, -0.9918 0.8071 0.2301, -0.973 0.4528 0.2353, -0.973 0.8071 0.2353, -0.6693 0.8071 0.0591, -0.6693 0.8071 0.0, -0.9606 0.8071 0.0591, -0.9606 0.8071 0.0, -0.9667 0.8071 0.0599, -0.982 0.8071 0.0028, -0.9724 0.8071 0.0622, -1.002 0.8071 0.0111, -0.9773 0.8071 0.066, -1.0191 0.8071 0.0242, -0.9811 0.8071 0.0709, -1.0322 0.8071 0.0413, -0.9834 0.8071 0.0766, -1.0405 0.8071 0.0613, -0.9843 0.8071 0.0827, -1.0433 0.8071 0.0827, -0.6693 0.4528 0.0, -0.6693 0.4528 0.0591, -0.9606 0.4528 0.0, -0.9606 0.4528 0.0591, -0.982 0.4528 0.0028, -0.9667 0.4528 0.0599, -1.002 0.4528 0.0111, -0.9724 0.4528 0.0622, -1.0191 0.4528 0.0242, -0.9773 0.4528 0.066, -1.0322 0.4528 0.0413, -0.9811 0.4528 0.0709, -1.0405 0.4528 0.0613, -0.9834 0.4528 0.0766, -1.0433 0.4528 0.0827, -0.9843 0.4528 0.0827, -0.9763 -0.4528 0.1712, -0.9763 -0.8071 0.1712, -0.9797 -0.4528 0.1675, -0.9797 -0.8071 0.1675, -0.9822 -0.4528 0.1632, -0.9822 -0.8071 0.1632, -0.9837 -0.4528 0.1585, -0.9837 -0.8071 0.1585, -0.9843 -0.4528 0.1535, -0.9843 -0.8071 0.1535, -1.0433 -0.4528 0.1535, -1.0433 -0.8071 0.1535, -1.041 -0.8071 0.1729, -1.041 -0.4528 0.1729, -1.0342 -0.8071 0.1913, -1.0342 -0.4528 0.1913, -1.0233 -0.8071 0.2075, -1.0233 -0.4528 0.2075, -1.0089 -0.8071 0.2207, -1.0089 -0.4528 0.2207, -0.9918 -0.8071 0.2301, -0.9918 -0.4528 0.2301, -0.973 -0.8071 0.2353, -0.973 -0.4528 0.2353, -0.6693 -0.4528 0.0591, -0.6693 -0.4528 0.0, -0.9606 -0.4528 0.0591, -0.9606 -0.4528 0.0, -0.9667 -0.4528 0.0599, -0.982 -0.4528 0.0028, -0.9724 -0.4528 0.0622, -1.002 -0.4528 0.0111, -0.9773 -0.4528 0.066, -1.0191 -0.4528 0.0242, -0.9811 -0.4528 0.0709, -1.0322 -0.4528 0.0413, -0.9834 -0.4528 0.0766, -1.0405 -0.4528 0.0613, -0.9843 -0.4528 0.0827, -1.0433 -0.4528 0.0827, -0.6693 -0.8071 0.0, -0.6693 -0.8071 0.0591, -0.9606 -0.8071 0.0, -0.9606 -0.8071 0.0591, -0.982 -0.8071 0.0028, -0.9667 -0.8071 0.0599, -1.002 -0.8071 0.0111, -0.9724 -0.8071 0.0622, -1.0191 -0.8071 0.0242, -0.9773 -0.8071 0.066, -1.0322 -0.8071 0.0413, -0.9811 -0.8071 0.0709, -1.0405 -0.8071 0.0613, -0.9834 -0.8071 0.0766, -1.0433 -0.8071 0.0827, -0.9843 -0.8071 0.0827
            ]
        }
        coordIndex [
            0,1,2,-1,0,2,3,-1,3,2,4,-1,3,4,5,-1,5,4,6,-1,5,6,7,-1,7,6,8,-1,7,8,9,-1,9,8,10,-1,9,10,11,-1,11,10,12,-1,11,12,13,-1,14,15,16,-1,16,15,17,-1,16,17,18,-1,18,17,19,-1,18,19,20,-1,20,19,21,-1,20,21,22,-1,22,21,23,-1,24,25,26,-1,26,25,27,-1,26,27,28,-1,28,27,29,-1,28,29,30,-1,30,29,31,-1,30,31,32,-1,32,31,33,-1,32,33,34,-1,34,33,35,-1,34,35,36,-1,36,35,37,-1,36,37,38,-1,38,37,39,-1,38,39,13,-1,13,39,14,-1,13,14,11,-1,11,14,16,-1,11,16,9,-1,9,16,18,-1,9,18,7,-1,7,18,20,-1,7,20,5,-1,5,20,22,-1,5,22,3,-1,3,22,0,-1,21,4,23,-1,23,4,2,-1,23,2,1,-1,40,41,42,-1,42,41,43,-1,42,43,44,-1,44,43,45,-1,44,45,46,-1,46,45,47,-1,46,47,48,-1,48,47,49,-1,48,49,50,-1,50,49,51,-1,50,51,52,-1,52,51,53,-1,52,53,54,-1,54,53,55,-1,54,55,15,-1,15,55,12,-1,15,12,17,-1,17,12,10,-1,17,10,19,-1,19,10,8,-1,19,8,21,-1,21,8,6,-1,21,6,4,-1,38,13,55,-1,55,13,12,-1,38,55,53,-1,38,53,36,-1,36,53,51,-1,36,51,34,-1,34,51,49,-1,34,49,32,-1,32,49,47,-1,32,47,30,-1,30,47,45,-1,30,45,28,-1,28,45,43,-1,28,43,26,-1,24,26,41,-1,41,26,43,-1,25,24,40,-1,40,24,41,-1,27,25,42,-1,42,25,40,-1,27,42,29,-1,29,42,44,-1,29,44,31,-1,31,44,46,-1,31,46,33,-1,33,46,48,-1,33,48,35,-1,35,48,50,-1,35,50,37,-1,37,50,52,-1,37,52,39,-1,39,52,54,-1,14,39,15,-1,15,39,54,-1,56,57,58,-1,56,58,59,-1,59,58,60,-1,59,60,61,-1,61,60,62,-1,61,62,63,-1,63,62,64,-1,63,64,65,-1,65,64,66,-1,65,66,67,-1,67,66,68,-1,67,68,69,-1,70,71,72,-1,72,71,73,-1,72,73,74,-1,74,73,75,-1,74,75,76,-1,76,75,77,-1,76,77,78,-1,78,77,79,-1,80,81,82,-1,82,81,83,-1,82,83,84,-1,84,83,85,-1,84,85,86,-1,86,85,87,-1,86,87,88,-1,88,87,89,-1,88,89,90,-1,90,89,91,-1,90,91,92,-1,92,91,93,-1,92,93,94,-1,94,93,95,-1,94,95,69,-1,69,95,70,-1,69,70,67,-1,67,70,72,-1,67,72,65,-1,65,72,74,-1,65,74,63,-1,63,74,76,-1,63,76,61,-1,61,76,78,-1,61,78,59,-1,59,78,56,-1,77,60,79,-1,79,60,58,-1,79,58,57,-1,96,97,98,-1,98,97,99,-1,98,99,100,-1,100,99,101,-1,100,101,102,-1,102,101,103,-1,102,103,104,-1,104,103,105,-1,104,105,106,-1,106,105,107,-1,106,107,108,-1,108,107,109,-1,108,109,110,-1,110,109,111,-1,110,111,71,-1,71,111,68,-1,71,68,73,-1,73,68,66,-1,73,66,75,-1,75,66,64,-1,75,64,77,-1,77,64,62,-1,77,62,60,-1,94,69,111,-1,111,69,68,-1,94,111,109,-1,94,109,92,-1,92,109,107,-1,92,107,90,-1,90,107,105,-1,90,105,88,-1,88,105,103,-1,88,103,86,-1,86,103,101,-1,86,101,84,-1,84,101,99,-1,84,99,82,-1,80,82,97,-1,97,82,99,-1,81,80,96,-1,96,80,97,-1,83,81,98,-1,98,81,96,-1,83,98,85,-1,85,98,100,-1,85,100,87,-1,87,100,102,-1,87,102,89,-1,89,102,104,-1,89,104,91,-1,91,104,106,-1,91,106,93,-1,93,106,108,-1,93,108,95,-1,95,108,110,-1,70,95,71,-1,71,95,110,-1,112,113,114,-1,112,114,115,-1,115,114,116,-1,115,116,117,-1,117,116,118,-1,117,118,119,-1,119,118,120,-1,119,120,121,-1,121,120,122,-1,121,122,123,-1,123,122,124,-1,123,124,125,-1,126,127,128,-1,128,127,129,-1,128,129,130,-1,130,129,131,-1,130,131,132,-1,132,131,133,-1,132,133,134,-1,134,133,135,-1,136,137,138,-1,138,137,139,-1,138,139,140,-1,140,139,141,-1,140,141,142,-1,142,141,143,-1,142,143,144,-1,144,143,145,-1,144,145,146,-1,146,145,147,-1,146,147,148,-1,148,147,149,-1,148,149,150,-1,150,149,151,-1,150,151,125,-1,125,151,126,-1,125,126,123,-1,123,126,128,-1,123,128,121,-1,121,128,130,-1,121,130,119,-1,119,130,132,-1,119,132,117,-1,117,132,134,-1,117,134,115,-1,115,134,112,-1,114,113,135,-1,152,153,154,-1,154,153,155,-1,154,155,156,-1,156,155,157,-1,156,157,158,-1,158,157,159,-1,158,159,160,-1,160,159,161,-1,160,161,162,-1,162,161,163,-1,162,163,164,-1,164,163,165,-1,164,165,166,-1,166,165,167,-1,166,167,127,-1,127,167,124,-1,127,124,129,-1,129,124,122,-1,129,122,131,-1,131,122,120,-1,131,120,133,-1,133,120,118,-1,133,118,135,-1,135,118,116,-1,135,116,114,-1,150,125,167,-1,167,125,124,-1,150,167,165,-1,150,165,148,-1,148,165,163,-1,148,163,146,-1,146,163,161,-1,146,161,144,-1,144,161,159,-1,144,159,142,-1,142,159,157,-1,142,157,140,-1,140,157,155,-1,140,155,138,-1,136,138,153,-1,153,138,155,-1,137,136,152,-1,152,136,153,-1,139,137,154,-1,154,137,152,-1,139,154,141,-1,141,154,156,-1,141,156,143,-1,143,156,158,-1,143,158,145,-1,145,158,160,-1,145,160,147,-1,147,160,162,-1,147,162,149,-1,149,162,164,-1,149,164,151,-1,151,164,166,-1,126,151,127,-1,127,151,166,-1,168,169,170,-1,170,169,171,-1,170,171,172,-1,172,171,173,-1,172,173,174,-1,174,173,175,-1,174,175,176,-1,176,175,177,-1,178,179,180,-1,178,180,181,-1,181,180,182,-1,181,182,183,-1,183,182,184,-1,183,184,185,-1,185,184,186,-1,185,186,187,-1,187,186,188,-1,187,188,189,-1,189,188,190,-1,189,190,191,-1,170,187,168,-1,168,187,189,-1,168,189,191,-1,192,193,194,-1,194,193,195,-1,194,195,196,-1,196,195,197,-1,196,197,198,-1,198,197,199,-1,198,199,200,-1,200,199,201,-1,200,201,202,-1,202,201,203,-1,202,203,204,-1,204,203,205,-1,204,205,206,-1,206,205,207,-1,206,207,176,-1,176,207,178,-1,176,178,174,-1,174,178,181,-1,174,181,172,-1,172,181,183,-1,172,183,170,-1,170,183,185,-1,170,185,187,-1,208,209,210,-1,210,209,211,-1,210,211,212,-1,212,211,213,-1,212,213,214,-1,214,213,215,-1,214,215,216,-1,216,215,217,-1,216,217,218,-1,218,217,219,-1,218,219,220,-1,220,219,221,-1,220,221,222,-1,222,221,223,-1,222,223,179,-1,179,223,177,-1,179,177,180,-1,180,177,175,-1,180,175,182,-1,182,175,173,-1,182,173,184,-1,184,173,171,-1,184,171,186,-1,186,171,169,-1,186,169,188,-1,188,169,190,-1,206,176,223,-1,223,176,177,-1,206,223,204,-1,204,223,221,-1,204,221,202,-1,202,221,219,-1,202,219,200,-1,200,219,217,-1,200,217,198,-1,198,217,215,-1,198,215,196,-1,196,215,213,-1,196,213,194,-1,194,213,211,-1,192,194,209,-1,209,194,211,-1,193,192,208,-1,208,192,209,-1,195,193,210,-1,210,193,208,-1,195,210,212,-1,195,212,197,-1,197,212,214,-1,197,214,199,-1,199,214,216,-1,199,216,201,-1,201,216,218,-1,201,218,203,-1,203,218,220,-1,203,220,205,-1,205,220,222,-1,205,222,207,-1,178,207,179,-1,179,207,222,-1,224,225,226,-1,226,225,227,-1,226,227,228,-1,228,227,229,-1,228,229,230,-1,230,229,231,-1,230,231,232,-1,232,231,233,-1,234,235,236,-1,234,236,237,-1,237,236,238,-1,237,238,239,-1,239,238,240,-1,239,240,241,-1,241,240,242,-1,241,242,243,-1,243,242,244,-1,243,244,245,-1,245,244,246,-1,245,246,247,-1,226,243,224,-1,224,243,245,-1,224,245,247,-1,248,249,250,-1,250,249,251,-1,250,251,252,-1,252,251,253,-1,252,253,254,-1,254,253,255,-1,254,255,256,-1,256,255,257,-1,256,257,258,-1,258,257,259,-1,258,259,260,-1,260,259,261,-1,260,261,262,-1,262,261,263,-1,262,263,232,-1,232,263,234,-1,232,234,230,-1,230,234,237,-1,230,237,228,-1,228,237,239,-1,228,239,226,-1,226,239,241,-1,226,241,243,-1,264,265,266,-1,266,265,267,-1,266,267,268,-1,268,267,269,-1,268,269,270,-1,270,269,271,-1,270,271,272,-1,272,271,273,-1,272,273,274,-1,274,273,275,-1,274,275,276,-1,276,275,277,-1,276,277,278,-1,278,277,279,-1,278,279,235,-1,235,279,233,-1,235,233,236,-1,236,233,231,-1,236,231,238,-1,238,231,229,-1,238,229,240,-1,240,229,227,-1,240,227,242,-1,242,227,225,-1,242,225,244,-1,244,225,246,-1,262,232,279,-1,279,232,233,-1,262,279,260,-1,260,279,277,-1,260,277,258,-1,258,277,275,-1,258,275,256,-1,256,275,273,-1,256,273,254,-1,254,273,271,-1,254,271,252,-1,252,271,269,-1,252,269,250,-1,250,269,267,-1,248,250,265,-1,265,250,267,-1,249,248,264,-1,264,248,265,-1,251,249,266,-1,266,249,264,-1,251,266,268,-1,251,268,253,-1,253,268,270,-1,253,270,255,-1,255,270,272,-1,255,272,257,-1,257,272,274,-1,257,274,259,-1,259,274,276,-1,259,276,261,-1,261,276,278,-1,261,278,263,-1,234,263,235,-1,235,263,278,-1,280,281,282,-1,282,281,283,-1,282,283,284,-1,284,283,285,-1,284,285,286,-1,286,285,287,-1,286,287,288,-1,288,287,289,-1,290,291,292,-1,290,292,293,-1,293,292,294,-1,293,294,295,-1,295,294,296,-1,295,296,297,-1,297,296,298,-1,297,298,299,-1,299,298,300,-1,299,300,301,-1,301,300,302,-1,301,302,303,-1,282,299,280,-1,280,299,301,-1,280,301,303,-1,304,305,306,-1,306,305,307,-1,306,307,308,-1,308,307,309,-1,308,309,310,-1,310,309,311,-1,310,311,312,-1,312,311,313,-1,312,313,314,-1,314,313,315,-1,314,315,316,-1,316,315,317,-1,316,317,318,-1,318,317,319,-1,318,319,288,-1,288,319,290,-1,288,290,286,-1,286,290,293,-1,286,293,284,-1,284,293,295,-1,284,295,282,-1,282,295,297,-1,282,297,299,-1,320,321,322,-1,322,321,323,-1,322,323,324,-1,324,323,325,-1,324,325,326,-1,326,325,327,-1,326,327,328,-1,328,327,329,-1,328,329,330,-1,330,329,331,-1,330,331,332,-1,332,331,333,-1,332,333,334,-1,334,333,335,-1,334,335,291,-1,291,335,289,-1,291,289,292,-1,292,289,287,-1,292,287,294,-1,294,287,285,-1,294,285,296,-1,296,285,283,-1,296,283,298,-1,298,283,281,-1,298,281,300,-1,300,281,302,-1,318,288,335,-1,335,288,289,-1,318,335,316,-1,316,335,333,-1,316,333,314,-1,314,333,331,-1,314,331,312,-1,312,331,329,-1,312,329,310,-1,310,329,327,-1,310,327,308,-1,308,327,325,-1,308,325,306,-1,306,325,323,-1,304,306,321,-1,321,306,323,-1,305,304,320,-1,320,304,321,-1,307,305,322,-1,322,305,320,-1,307,322,324,-1,307,324,309,-1,309,324,326,-1,309,326,311,-1,311,326,328,-1,311,328,313,-1,313,328,330,-1,313,330,315,-1,315,330,332,-1,315,332,317,-1,317,332,334,-1,317,334,319,-1,290,319,291,-1,291,319,334,-1,
        ]
    }
}
Shape{
    appearance Appearance {
        material  Material 	{
            diffuseColor 0.0 0.0 0.0
            specularColor 0.0 0.0 0.0
            ambientIntensity 0.0
            transparency 0.0
            shininess 0.5
        }
    }
    geometry IndexedFaceSet {
        ccw TRUE
        solid FALSE
        coord DEF co Coordinate {
            point [
                -0.2285 0.0586 0.0201, -0.2746 -0.0595 0.0201, -0.2285 0.0586 0.0197, -0.2746 -0.0595 0.0197, -0.2574 -0.0595 0.0201, -0.2574 -0.0595 0.0197, -0.2454 -0.0264 0.0201, -0.2454 -0.0264 0.0197, -0.1966 -0.0264 0.0201, -0.1966 -0.0264 0.0197, -0.1853 -0.0595 0.0201, -0.1853 -0.0595 0.0197, -0.1681 -0.0595 0.0201, -0.1681 -0.0595 0.0197, -0.2127 0.0586 0.0201, -0.2127 0.0586 0.0197, -0.2006 -0.0134 0.0201, -0.2401 -0.0134 0.0201, -0.2182 0.0359 0.0201, -0.2194 0.04 0.0201, -0.2201 0.0442 0.0201, -0.2205 0.0442 0.0201, -0.2213 0.04 0.0201, -0.2223 0.0359 0.0201, -0.2006 -0.0134 0.0197, -0.2401 -0.0134 0.0197, -0.2182 0.0359 0.0197, -0.2194 0.04 0.0197, -0.2201 0.0442 0.0197, -0.2205 0.0442 0.0197, -0.2213 0.04 0.0197, -0.2223 0.0359 0.0197, -0.0965 -0.0595 0.0201, -0.0643 -0.0595 0.0201, -0.0965 -0.0595 0.0197, -0.0643 -0.0595 0.0197, -0.0643 0.0586 0.0201, -0.0643 0.0586 0.0197, -0.0977 0.0586 0.0201, -0.0977 0.0586 0.0197, -0.1594 0.001 0.0201, -0.1594 0.001 0.0197, -0.1586 0.0121 0.0197, -0.1586 0.0121 0.0201, -0.1554 0.0238 0.0197, -0.1554 0.0238 0.0201, -0.1499 0.0339 0.0197, -0.1499 0.0339 0.0201, -0.1415 0.0432 0.0197, -0.1415 0.0432 0.0201, -0.1414 0.0433 0.0197, -0.1414 0.0433 0.0201, -0.1286 0.0519 0.0197, -0.1286 0.0519 0.0201, -0.1147 0.0568 0.0197, -0.1147 0.0568 0.0201, -0.1111 -0.0583 0.0197, -0.1111 -0.0583 0.0201, -0.1247 -0.0542 0.0197, -0.1247 -0.0542 0.0201, -0.137 -0.047 0.0197, -0.137 -0.047 0.0201, -0.1467 -0.0377 0.0197, -0.1467 -0.0377 0.0201, -0.1535 -0.0272 0.0197, -0.1535 -0.0272 0.0201, -0.1578 -0.0148 0.0197, -0.1578 -0.0148 0.0201, -0.1357 0.0291 0.0201, -0.13 0.0351 0.0201, -0.1213 0.0407 0.0201, -0.1116 0.0441 0.0201, -0.0976 0.0456 0.0201, -0.0802 0.0456 0.0201, -0.0802 -0.0466 0.0201, -0.097 -0.0466 0.0201, -0.1094 -0.0454 0.0201, -0.1194 -0.0423 0.0201, -0.1274 -0.0375 0.0201, -0.134 -0.031 0.0201, -0.139 -0.0228 0.0201, -0.1425 -0.0117 0.0201, -0.1436 0.0007 0.0201, -0.1426 0.0124 0.0201, -0.1398 0.0218 0.0201, -0.0976 0.0456 0.0197, -0.0802 0.0456 0.0197, -0.1116 0.0441 0.0197, -0.1213 0.0407 0.0197, -0.13 0.0351 0.0197, -0.1357 0.0291 0.0197, -0.1398 0.0218 0.0197, -0.1426 0.0124 0.0197, -0.1436 0.0007 0.0197, -0.1425 -0.0117 0.0197, -0.139 -0.0228 0.0197, -0.134 -0.031 0.0197, -0.1274 -0.0375 0.0197, -0.1194 -0.0423 0.0197, -0.1094 -0.0454 0.0197, -0.097 -0.0466 0.0197, -0.0802 -0.0466 0.0197, -0.0413 -0.0466 0.0201, -0.0413 -0.0595 0.0201, -0.0413 -0.0466 0.0197, -0.0413 -0.0595 0.0197, 0.0221 -0.0595 0.0201, 0.0221 -0.0595 0.0197, 0.0221 0.0586 0.0201, 0.0221 0.0586 0.0197, -0.0384 0.0586 0.0201, -0.0384 0.0586 0.0197, -0.0384 0.0456 0.0201, -0.0384 0.0456 0.0197, 0.0062 0.0456 0.0201, 0.0062 0.0456 0.0197, 0.0062 0.0067 0.0201, 0.0062 0.0067 0.0197, -0.0355 0.0067 0.0201, -0.0355 0.0067 0.0197, -0.0355 -0.0062 0.0201, -0.0355 -0.0062 0.0197, 0.0062 -0.0062 0.0201, 0.0062 -0.0062 0.0197, 0.0062 -0.0466 0.0201, 0.0062 -0.0466 0.0197, 0.0451 -0.0404 0.0201, 0.0451 -0.0534 0.0201, 0.0451 -0.0404 0.0197, 0.0451 -0.0534 0.0197, 0.0577 -0.0586 0.0201, 0.0776 -0.061 0.0201, 0.0776 -0.061 0.0197, 0.0744 -0.0609 0.0197, 0.0744 -0.0609 0.0201, 0.0696 -0.0602 0.0197, 0.0577 -0.0586 0.0197, 0.0846 -0.0602 0.0197, 0.0922 -0.0595 0.0201, 0.0922 -0.0595 0.0197, 0.1036 -0.0555 0.0201, 0.1036 -0.0555 0.0197, 0.1131 -0.0495 0.0201, 0.1131 -0.0495 0.0197, 0.122 -0.0401 0.0201, 0.122 -0.0401 0.0197, 0.1283 -0.0289 0.0201, 0.1283 -0.0289 0.0197, 0.1318 -0.0164 0.0201, 0.1318 -0.0164 0.0197, 0.133 -0.0027 0.0201, 0.133 -0.0027 0.0197, 0.0729 0.06 0.0201, 0.0729 0.06 0.0197, 0.0848 0.0591 0.0197, 0.0848 0.0591 0.0201, 0.0979 0.0552 0.0197, 0.0979 0.0552 0.0201, 0.1092 0.0488 0.0197, 0.1092 0.0488 0.0201, 0.1198 0.0385 0.0197, 0.1198 0.0385 0.0201, 0.1267 0.0275 0.0197, 0.1267 0.0275 0.0201, 0.1313 0.0141 0.0197, 0.1313 0.0141 0.0201, 0.0451 0.0553 0.0201, 0.0451 0.0553 0.0197, 0.0588 0.059 0.0197, 0.0588 0.059 0.0201, 0.0451 0.0395 0.0201, 0.0451 0.0395 0.0197, 0.0728 0.0471 0.0201, 0.0728 0.0471 0.0197, 0.0584 0.0452 0.0197, 0.0584 0.0452 0.0201, 0.1171 -0.0017 0.0201, 0.1171 -0.0017 0.0197, 0.1166 0.0075 0.0197, 0.1166 0.0075 0.0201, 0.1134 0.0201 0.0197, 0.1134 0.0201 0.0201, 0.1086 0.0292 0.0197, 0.1086 0.0292 0.0201, 0.1014 0.0371 0.0197, 0.1014 0.0371 0.0201, 0.0932 0.0426 0.0197, 0.0932 0.0426 0.0201, 0.0844 0.0458 0.0197, 0.0844 0.0458 0.0201, 0.0754 -0.048 0.0201, 0.0754 -0.048 0.0197, 0.0865 -0.0468 0.0197, 0.0865 -0.0468 0.0201, 0.0951 -0.0436 0.0197, 0.0951 -0.0436 0.0201, 0.1023 -0.0387 0.0197, 0.1023 -0.0387 0.0201, 0.1078 -0.0329 0.0197, 0.1078 -0.0329 0.0201, 0.1127 -0.0247 0.0197, 0.1127 -0.0247 0.0201, 0.1159 -0.0145 0.0197, 0.1159 -0.0145 0.0201, 0.0472 -0.0416 0.0197, 0.0472 -0.0416 0.0201, 0.0598 -0.0463 0.0197, 0.0598 -0.0463 0.0201, 0.1431 -0.0466 0.0201, 0.1431 -0.0595 0.0201, 0.1431 -0.0466 0.0197, 0.1431 -0.0595 0.0197, 0.2036 -0.0595 0.0201, 0.2036 -0.0595 0.0197, 0.2036 0.0586 0.0201, 0.2036 0.0586 0.0197, 0.1877 0.0586 0.0201, 0.1877 0.0586 0.0197, 0.1877 -0.0466 0.0201, 0.1877 -0.0466 0.0197
            ]
        }
        coordIndex [
            0,1,2,-1,2,1,3,-1,1,4,3,-1,3,4,5,-1,4,6,5,-1,5,6,7,-1,6,8,7,-1,7,8,9,-1,8,10,9,-1,9,10,11,-1,10,12,11,-1,11,12,13,-1,12,14,13,-1,13,14,15,-1,14,0,15,-1,15,0,2,-1,16,8,17,-1,17,8,6,-1,18,14,16,-1,16,14,12,-1,16,12,8,-1,8,12,10,-1,18,19,14,-1,14,19,20,-1,14,20,0,-1,0,20,21,-1,0,21,22,-1,22,23,0,-1,0,23,17,-1,0,17,1,-1,1,17,6,-1,1,6,4,-1,16,17,24,-1,24,17,25,-1,18,16,26,-1,26,16,24,-1,18,26,27,-1,18,27,19,-1,19,27,28,-1,19,28,20,-1,21,20,29,-1,29,20,28,-1,21,29,30,-1,21,30,22,-1,22,30,31,-1,22,31,23,-1,17,23,25,-1,25,23,31,-1,32,33,34,-1,34,33,35,-1,33,36,35,-1,35,36,37,-1,36,38,37,-1,37,38,39,-1,40,41,42,-1,40,42,43,-1,43,42,44,-1,43,44,45,-1,45,44,46,-1,45,46,47,-1,47,46,48,-1,47,48,49,-1,49,48,50,-1,49,50,51,-1,51,50,52,-1,51,52,53,-1,53,52,54,-1,53,54,55,-1,55,54,39,-1,55,39,38,-1,32,34,56,-1,32,56,57,-1,57,56,58,-1,57,58,59,-1,59,58,60,-1,59,60,61,-1,61,60,62,-1,61,62,63,-1,63,62,64,-1,63,64,65,-1,65,64,66,-1,65,66,67,-1,67,66,41,-1,67,41,40,-1,45,47,68,-1,68,47,49,-1,68,49,69,-1,69,49,51,-1,69,51,70,-1,70,51,53,-1,70,53,71,-1,71,53,55,-1,71,55,72,-1,72,55,38,-1,72,38,73,-1,73,38,36,-1,73,36,74,-1,74,36,33,-1,74,33,75,-1,75,33,32,-1,75,32,76,-1,76,32,57,-1,76,57,77,-1,77,57,59,-1,77,59,78,-1,78,59,61,-1,78,61,79,-1,79,61,63,-1,79,63,80,-1,80,63,65,-1,80,65,81,-1,81,65,67,-1,81,67,82,-1,82,67,40,-1,82,40,83,-1,83,40,43,-1,83,43,84,-1,84,43,45,-1,84,45,68,-1,72,73,85,-1,85,73,86,-1,72,85,87,-1,72,87,71,-1,71,87,88,-1,71,88,70,-1,70,88,89,-1,70,89,69,-1,69,89,90,-1,69,90,68,-1,68,90,91,-1,68,91,84,-1,84,91,92,-1,84,92,83,-1,83,92,93,-1,83,93,82,-1,82,93,94,-1,82,94,81,-1,81,94,95,-1,81,95,80,-1,80,95,96,-1,80,96,79,-1,79,96,97,-1,79,97,78,-1,78,97,98,-1,78,98,77,-1,77,98,99,-1,77,99,76,-1,76,99,100,-1,76,100,75,-1,74,75,101,-1,101,75,100,-1,73,74,86,-1,86,74,101,-1,102,103,104,-1,104,103,105,-1,103,106,105,-1,105,106,107,-1,106,108,107,-1,107,108,109,-1,108,110,109,-1,109,110,111,-1,110,112,111,-1,111,112,113,-1,112,114,113,-1,113,114,115,-1,114,116,115,-1,115,116,117,-1,116,118,117,-1,117,118,119,-1,118,120,119,-1,119,120,121,-1,120,122,121,-1,121,122,123,-1,122,124,123,-1,123,124,125,-1,124,102,125,-1,125,102,104,-1,106,103,102,-1,102,124,106,-1,106,124,122,-1,106,122,108,-1,112,110,114,-1,114,110,108,-1,114,108,116,-1,116,108,122,-1,116,122,118,-1,118,122,120,-1,126,127,128,-1,128,127,129,-1,129,127,130,-1,131,132,133,-1,131,133,134,-1,134,133,135,-1,134,135,130,-1,130,135,136,-1,130,136,129,-1,132,131,137,-1,137,131,138,-1,137,138,139,-1,139,138,140,-1,139,140,141,-1,141,140,142,-1,141,142,143,-1,143,142,144,-1,143,144,145,-1,145,144,146,-1,145,146,147,-1,147,146,148,-1,147,148,149,-1,149,148,150,-1,149,150,151,-1,152,153,154,-1,152,154,155,-1,155,154,156,-1,155,156,157,-1,157,156,158,-1,157,158,159,-1,159,158,160,-1,159,160,161,-1,161,160,162,-1,161,162,163,-1,163,162,164,-1,163,164,165,-1,165,164,151,-1,165,151,150,-1,166,167,168,-1,166,168,169,-1,169,168,153,-1,169,153,152,-1,166,170,167,-1,167,170,171,-1,172,173,174,-1,172,174,175,-1,175,174,171,-1,175,171,170,-1,176,177,178,-1,176,178,179,-1,179,178,180,-1,179,180,181,-1,181,180,182,-1,181,182,183,-1,183,182,184,-1,183,184,185,-1,185,184,186,-1,185,186,187,-1,187,186,188,-1,187,188,189,-1,189,188,173,-1,189,173,172,-1,190,191,192,-1,190,192,193,-1,193,192,194,-1,193,194,195,-1,195,194,196,-1,195,196,197,-1,197,196,198,-1,197,198,199,-1,199,198,200,-1,199,200,201,-1,201,200,202,-1,201,202,203,-1,203,202,177,-1,203,177,176,-1,126,128,204,-1,126,204,205,-1,205,204,206,-1,205,206,207,-1,207,206,191,-1,207,191,190,-1,193,131,190,-1,190,131,134,-1,190,134,207,-1,207,134,130,-1,207,130,205,-1,205,130,127,-1,205,127,126,-1,170,166,175,-1,175,166,169,-1,175,169,172,-1,172,169,152,-1,172,152,189,-1,189,152,155,-1,189,155,187,-1,187,155,157,-1,187,157,185,-1,185,157,159,-1,185,159,183,-1,183,159,161,-1,183,161,181,-1,181,161,163,-1,181,163,179,-1,179,163,165,-1,179,165,176,-1,176,165,150,-1,176,150,203,-1,203,150,148,-1,203,148,201,-1,201,148,146,-1,201,146,199,-1,199,146,144,-1,199,144,197,-1,197,144,142,-1,197,142,195,-1,195,142,140,-1,195,140,193,-1,193,140,138,-1,193,138,131,-1,208,209,210,-1,210,209,211,-1,209,212,211,-1,211,212,213,-1,212,214,213,-1,213,214,215,-1,214,216,215,-1,215,216,217,-1,216,218,217,-1,217,218,219,-1,218,208,219,-1,219,208,210,-1,216,214,218,-1,218,214,212,-1,218,212,208,-1,208,212,209,-1,
        ]
    }
}
Shape{
    appearance Appearance {
        material  Material 	{
            diffuseColor 1.0 1.0 1.0
            specularColor 0.5019607843137255 0.5019607843137255 0.5019607843137255
            ambientIntensity 1.0
            transparency 0.0
            shininess 0.5
        }
    }
    geometry IndexedFaceSet {
        ccw TRUE
        solid FALSE
        coord DEF co Coordinate {
            point [
                -0.2006 -0.0134 0.0197, -0.2401 -0.0134 0.0197, -0.2182 0.0359 0.0197, -0.2223 0.0359 0.0197, -0.2194 0.04 0.0197, -0.2213 0.04 0.0197, -0.2201 0.0442 0.0197, -0.2205 0.0442 0.0197, -0.0802 0.0456 0.0197, -0.0802 -0.0466 0.0197, -0.0976 0.0456 0.0197, -0.097 -0.0466 0.0197, -0.1094 -0.0454 0.0197, -0.1436 0.0007 0.0197, -0.1426 0.0124 0.0197, -0.1398 0.0218 0.0197, -0.1116 0.0441 0.0197, -0.1194 -0.0423 0.0197, -0.1274 -0.0375 0.0197, -0.134 -0.031 0.0197, -0.139 -0.0228 0.0197, -0.1425 -0.0117 0.0197, -0.1357 0.0291 0.0197, -0.13 0.0351 0.0197, -0.1213 0.0407 0.0197, 0.9554 -0.5312 0.374, 0.9657 -0.5415 0.374, 0.9554 -0.5312 0.5709, 0.5415 -0.9657 0.374, 0.5312 -0.9554 0.374, 0.5368 -0.961 0.4631, 0.5312 -0.9554 0.5709, 0.9657 -0.9657 0.374
            ]
        }
        coordIndex [
            0,1,2,-1,2,1,3,-1,2,3,4,-1,4,3,5,-1,4,5,6,-1,6,5,7,-1,8,9,10,-1,10,9,11,-1,10,11,12,-1,13,14,10,-1,10,14,15,-1,10,15,16,-1,12,17,10,-1,10,17,18,-1,10,18,19,-1,19,20,10,-1,10,20,21,-1,10,21,13,-1,22,23,15,-1,15,23,24,-1,15,24,16,-1,25,26,27,-1,28,29,30,-1,30,29,31,-1,28,32,29,-1,29,32,26,-1,29,26,25,-1,29,25,31,-1,31,25,27,-1,
        ]
    }
}
Shape{
    appearance Appearance {
        material  Material 	{
            diffuseColor 0.0 0.0 0.0
            specularColor 0.0 0.0 0.0
            ambientIntensity 0.0
            transparency 0.0
            shininess 0.5
        }
    }
    geometry IndexedFaceSet {
        ccw TRUE
        solid FALSE
        coord DEF co Coordinate {
            point [
                0.0481 -0.973 0.3094, 0.0481 -0.9732 0.3049, 0.0481 -0.9691 0.3092, 0.0481 -0.9693 0.3047, 0.0322 -0.973 0.3094, 0.0322 -0.9691 0.3092, 0.0322 -0.9712 0.3449, 0.0322 -0.9672 0.3447, 0.027 -0.9712 0.3449, 0.027 -0.9672 0.3447, 0.027 -0.9732 0.3049, 0.027 -0.9693 0.3047, 0.0687 -0.9733 0.3042, 0.0687 -0.9694 0.304, 0.0748 -0.9693 0.3046, 0.0748 -0.9733 0.3048, 0.0791 -0.9692 0.306, 0.0791 -0.9732 0.3062, 0.0797 -0.9692 0.3063, 0.0797 -0.9732 0.3065, 0.0797 -0.9729 0.3115, 0.0797 -0.969 0.3113, 0.0762 -0.9691 0.3097, 0.0762 -0.973 0.3099, 0.0718 -0.9691 0.3087, 0.0718 -0.973 0.3089, 0.0694 -0.9691 0.3086, 0.0694 -0.973 0.3088, 0.0656 -0.9691 0.309, 0.0656 -0.973 0.3092, 0.0627 -0.969 0.3101, 0.0627 -0.973 0.3103, 0.0601 -0.9689 0.3119, 0.0601 -0.9729 0.3121, 0.0591 -0.9689 0.3128, 0.0591 -0.9728 0.313, 0.0571 -0.9687 0.3156, 0.0571 -0.9727 0.3158, 0.0559 -0.9686 0.3188, 0.0559 -0.9725 0.319, 0.0552 -0.9684 0.3228, 0.0552 -0.9723 0.323, 0.0552 -0.9683 0.3242, 0.0552 -0.9722 0.3244, 0.0558 -0.968 0.3297, 0.0558 -0.9719 0.3299, 0.0572 -0.9678 0.3331, 0.0572 -0.9718 0.3333, 0.0591 -0.9677 0.3359, 0.0591 -0.9716 0.3361, 0.0594 -0.9677 0.3362, 0.0594 -0.9716 0.3364, 0.0621 -0.9675 0.3385, 0.0621 -0.9715 0.3387, 0.0652 -0.9675 0.3399, 0.0652 -0.9714 0.3401, 0.0687 -0.9674 0.3406, 0.0687 -0.9714 0.3408, 0.0703 -0.9674 0.3407, 0.0703 -0.9714 0.3409, 0.0746 -0.9675 0.3402, 0.0746 -0.9714 0.3404, 0.0787 -0.9675 0.3388, 0.0787 -0.9715 0.339, 0.0797 -0.9676 0.3383, 0.0797 -0.9715 0.3385, 0.0797 -0.9712 0.3439, 0.0797 -0.9673 0.3437, 0.0703 -0.9672 0.3453, 0.0703 -0.9711 0.3455, 0.071 -0.9711 0.3455, 0.0761 -0.9672 0.3448, 0.0761 -0.9711 0.345, 0.0742 -0.9672 0.345, 0.071 -0.9672 0.3453, 0.0675 -0.9672 0.345, 0.0645 -0.9712 0.3448, 0.0645 -0.9672 0.3446, 0.0603 -0.9673 0.343, 0.0603 -0.9712 0.3432, 0.0564 -0.9674 0.3403, 0.0564 -0.9714 0.3405, 0.0555 -0.9675 0.3394, 0.0555 -0.9714 0.3397, 0.053 -0.9677 0.3362, 0.053 -0.9716 0.3364, 0.0516 -0.9678 0.3332, 0.051 -0.9718 0.3321, 0.051 -0.9679 0.3319, 0.0499 -0.9682 0.3268, 0.0499 -0.9721 0.327, 0.0498 -0.9683 0.3239, 0.0498 -0.9722 0.3241, 0.0505 -0.9686 0.3175, 0.0505 -0.9726 0.3177, 0.0516 -0.9688 0.3148, 0.0522 -0.9728 0.3135, 0.0522 -0.9689 0.3133, 0.0545 -0.969 0.3099, 0.0545 -0.973 0.3101, 0.0549 -0.9691 0.3095, 0.0549 -0.973 0.3097, 0.0578 -0.9692 0.307, 0.0578 -0.9731 0.3072, 0.0616 -0.9693 0.3051, 0.0616 -0.9732 0.3053, 0.0658 -0.9693 0.3042, 0.0658 -0.9733 0.3044, 0.1093 -0.973 0.3094, 0.1093 -0.9732 0.3049, 0.1093 -0.9691 0.3092, 0.1093 -0.9693 0.3047, 0.0929 -0.9691 0.3092, 0.0929 -0.973 0.3094, 0.1037 -0.9691 0.3092, 0.0929 -0.9723 0.3229, 0.0929 -0.9684 0.3227, 0.1072 -0.9723 0.3229, 0.1037 -0.9684 0.3227, 0.1072 -0.9684 0.3227, 0.1072 -0.9721 0.3275, 0.1072 -0.9681 0.3273, 0.0929 -0.9681 0.3273, 0.0929 -0.9721 0.3275, 0.1037 -0.9681 0.3273, 0.0929 -0.9714 0.3403, 0.0929 -0.9675 0.3401, 0.1084 -0.9714 0.3403, 0.1037 -0.9675 0.3401, 0.1084 -0.9675 0.3401, 0.1084 -0.9712 0.3449, 0.1084 -0.9672 0.3447, 0.0878 -0.9672 0.3447, 0.0878 -0.9712 0.3449, 0.1037 -0.9672 0.3447, 0.0878 -0.9732 0.3049, 0.0878 -0.9693 0.3047, 0.1037 -0.9693 0.3047, 0.1418 -0.9727 0.3162, 0.1397 -0.9728 0.3136, 0.1434 -0.973 0.3105, 0.1392 -0.9728 0.3131, 0.1392 -0.9731 0.3075, 0.1366 -0.9729 0.3114, 0.1346 -0.9732 0.3057, 0.1333 -0.973 0.3101, 0.1279 -0.9732 0.3049, 0.1278 -0.973 0.3094, 0.1168 -0.9732 0.3049, 0.122 -0.973 0.3094, 0.1168 -0.9712 0.3449, 0.122 -0.9714 0.3403, 0.1283 -0.9712 0.3449, 0.1281 -0.9714 0.3403, 0.1344 -0.9712 0.3442, 0.1333 -0.9714 0.3397, 0.1392 -0.9713 0.3424, 0.1367 -0.9715 0.3384, 0.1434 -0.9714 0.3396, 0.1396 -0.9716 0.3365, 0.1448 -0.9715 0.3382, 0.1411 -0.9717 0.335, 0.1473 -0.9717 0.3347, 0.1425 -0.9718 0.3327, 0.1488 -0.9719 0.3309, 0.1436 -0.972 0.3296, 0.1494 -0.9722 0.3254, 0.144 -0.9722 0.3252, 0.1492 -0.9723 0.3222, 0.1439 -0.9723 0.3229, 0.1482 -0.9726 0.3176, 0.1431 -0.9725 0.3192, 0.1461 -0.9728 0.3135, 0.1279 -0.9693 0.3047, 0.1168 -0.9693 0.3047, 0.1434 -0.969 0.3103, 0.1346 -0.9693 0.3055, 0.1352 -0.9693 0.3057, 0.1392 -0.9692 0.3073, 0.1461 -0.9689 0.3133, 0.1482 -0.9686 0.3174, 0.1492 -0.9684 0.322, 0.1494 -0.9682 0.3252, 0.1488 -0.968 0.3306, 0.1473 -0.9678 0.3345, 0.1448 -0.9676 0.338, 0.1434 -0.9675 0.3394, 0.1283 -0.9672 0.3447, 0.1392 -0.9673 0.3422, 0.1352 -0.9673 0.3437, 0.1344 -0.9673 0.344, 0.1168 -0.9672 0.3447, 0.1281 -0.9675 0.3401, 0.122 -0.9675 0.3401, 0.122 -0.9691 0.3092, 0.1278 -0.9691 0.3092, 0.1397 -0.9689 0.3134, 0.1392 -0.9689 0.3129, 0.1366 -0.969 0.3112, 0.1333 -0.969 0.3099, 0.144 -0.9682 0.325, 0.1439 -0.9684 0.3227, 0.1431 -0.9686 0.319, 0.1418 -0.9687 0.316, 0.1396 -0.9677 0.3363, 0.1411 -0.9677 0.3348, 0.1425 -0.9679 0.3325, 0.1436 -0.968 0.3294, 0.1333 -0.9675 0.3395, 0.1367 -0.9676 0.3382
            ]
        }
        coordIndex [
            0,1,2,-1,2,1,3,-1,4,0,5,-1,5,0,2,-1,6,4,7,-1,7,4,5,-1,8,6,9,-1,9,6,7,-1,10,8,11,-1,11,8,9,-1,1,10,3,-1,3,10,11,-1,6,8,4,-1,4,8,10,-1,4,10,0,-1,0,10,1,-1,12,13,14,-1,12,14,15,-1,15,14,16,-1,15,16,17,-1,17,16,18,-1,17,18,19,-1,20,19,21,-1,21,19,18,-1,20,21,22,-1,20,22,23,-1,23,22,24,-1,23,24,25,-1,25,24,26,-1,25,26,27,-1,27,26,28,-1,27,28,29,-1,29,28,30,-1,29,30,31,-1,31,30,32,-1,31,32,33,-1,33,32,34,-1,33,34,35,-1,35,34,36,-1,35,36,37,-1,37,36,38,-1,37,38,39,-1,39,38,40,-1,39,40,41,-1,41,40,42,-1,41,42,43,-1,43,42,44,-1,43,44,45,-1,45,44,46,-1,45,46,47,-1,47,46,48,-1,47,48,49,-1,49,48,50,-1,49,50,51,-1,51,50,52,-1,51,52,53,-1,53,52,54,-1,53,54,55,-1,55,54,56,-1,55,56,57,-1,57,56,58,-1,57,58,59,-1,59,58,60,-1,59,60,61,-1,61,60,62,-1,61,62,63,-1,63,62,64,-1,63,64,65,-1,66,65,67,-1,67,65,64,-1,68,69,70,-1,66,67,71,-1,66,71,72,-1,72,71,73,-1,72,73,70,-1,70,73,74,-1,70,74,68,-1,69,68,75,-1,69,75,76,-1,75,77,76,-1,76,77,78,-1,76,78,79,-1,79,78,80,-1,79,80,81,-1,81,80,82,-1,81,82,83,-1,83,82,84,-1,83,84,85,-1,85,84,86,-1,85,86,87,-1,86,88,87,-1,87,88,89,-1,87,89,90,-1,90,89,91,-1,90,91,92,-1,92,91,93,-1,92,93,94,-1,94,93,95,-1,94,95,96,-1,95,97,96,-1,96,97,98,-1,96,98,99,-1,99,98,100,-1,99,100,101,-1,101,100,102,-1,101,102,103,-1,103,102,104,-1,103,104,105,-1,105,104,106,-1,105,106,107,-1,107,106,13,-1,107,13,12,-1,63,65,66,-1,53,55,76,-1,45,47,85,-1,76,55,69,-1,85,47,83,-1,63,66,61,-1,76,79,53,-1,53,79,81,-1,53,81,51,-1,51,81,83,-1,51,83,49,-1,49,83,47,-1,55,57,69,-1,69,57,59,-1,69,59,70,-1,70,59,61,-1,70,61,72,-1,72,61,66,-1,92,43,90,-1,90,43,45,-1,90,45,87,-1,87,45,85,-1,19,20,17,-1,17,20,23,-1,17,23,15,-1,15,23,25,-1,15,25,12,-1,12,25,27,-1,12,27,107,-1,107,27,29,-1,107,29,105,-1,105,29,31,-1,105,31,103,-1,103,31,33,-1,103,33,101,-1,101,33,35,-1,101,35,99,-1,99,35,37,-1,99,37,96,-1,96,37,94,-1,94,37,39,-1,94,39,92,-1,92,39,41,-1,92,41,43,-1,108,109,110,-1,110,109,111,-1,112,113,114,-1,114,113,108,-1,114,108,110,-1,115,113,116,-1,116,113,112,-1,115,116,117,-1,117,116,118,-1,117,118,119,-1,120,117,121,-1,121,117,119,-1,122,123,124,-1,124,123,120,-1,124,120,121,-1,125,123,126,-1,126,123,122,-1,125,126,127,-1,127,126,128,-1,127,128,129,-1,130,127,131,-1,131,127,129,-1,132,133,134,-1,134,133,130,-1,134,130,131,-1,135,133,136,-1,136,133,132,-1,135,136,109,-1,109,136,137,-1,109,137,111,-1,135,109,108,-1,108,113,135,-1,135,113,115,-1,135,115,133,-1,127,130,125,-1,125,130,133,-1,125,133,123,-1,123,133,115,-1,123,115,120,-1,120,115,117,-1,138,139,140,-1,140,139,141,-1,140,141,142,-1,142,141,143,-1,142,143,144,-1,144,143,145,-1,144,145,146,-1,146,145,147,-1,146,147,148,-1,148,147,149,-1,148,149,150,-1,150,149,151,-1,150,151,152,-1,152,151,153,-1,152,153,154,-1,154,153,155,-1,154,155,156,-1,156,155,157,-1,156,157,158,-1,158,157,159,-1,158,159,160,-1,160,159,161,-1,160,161,162,-1,162,161,163,-1,162,163,164,-1,164,163,165,-1,164,165,166,-1,166,165,167,-1,166,167,168,-1,168,167,169,-1,168,169,170,-1,170,169,171,-1,170,171,172,-1,172,171,138,-1,172,138,140,-1,146,148,173,-1,173,148,174,-1,175,140,142,-1,146,173,176,-1,146,176,144,-1,144,176,177,-1,144,177,142,-1,142,177,178,-1,142,178,175,-1,140,175,179,-1,140,179,172,-1,172,179,180,-1,172,180,170,-1,170,180,181,-1,170,181,168,-1,168,181,182,-1,168,182,166,-1,166,182,183,-1,166,183,164,-1,164,183,184,-1,164,184,162,-1,162,184,185,-1,162,185,160,-1,160,185,186,-1,160,186,158,-1,187,152,154,-1,158,186,188,-1,158,188,156,-1,156,188,189,-1,156,189,154,-1,154,189,190,-1,154,190,187,-1,150,152,191,-1,191,152,187,-1,148,150,174,-1,174,150,191,-1,153,151,192,-1,192,151,193,-1,151,149,193,-1,193,149,194,-1,149,147,194,-1,194,147,195,-1,139,196,197,-1,139,197,141,-1,141,197,198,-1,141,198,143,-1,143,198,199,-1,143,199,145,-1,145,199,195,-1,145,195,147,-1,167,200,201,-1,167,201,169,-1,169,201,202,-1,169,202,171,-1,171,202,203,-1,171,203,138,-1,138,203,196,-1,138,196,139,-1,159,204,205,-1,159,205,161,-1,161,205,206,-1,161,206,163,-1,163,206,207,-1,163,207,165,-1,165,207,200,-1,165,200,167,-1,153,192,208,-1,153,208,155,-1,155,208,209,-1,155,209,157,-1,157,209,204,-1,157,204,159,-1,
        ]
    }
}
Shape{
    appearance Appearance {
        material  Material 	{
            diffuseColor 1.0 1.0 1.0
            specularColor 0.5019607843137255 0.5019607843137255 0.5019607843137255
            ambientIntensity 1.0
            transparency 0.0
            shininess 0.5
        }
    }
    geometry IndexedFaceSet {
        ccw TRUE
        solid FALSE
        coord DEF co Coordinate {
            point [
                0.122 -0.9675 0.3401, 0.122 -0.9691 0.3092, 0.1281 -0.9675 0.3401, 0.1278 -0.9691 0.3092, 0.1392 -0.9689 0.3129, 0.1397 -0.9689 0.3134, 0.1333 -0.969 0.3099, 0.1366 -0.969 0.3112, 0.1418 -0.9687 0.316, 0.1431 -0.9686 0.319, 0.1439 -0.9684 0.3227, 0.144 -0.9682 0.325, 0.1436 -0.968 0.3294, 0.1425 -0.9679 0.3325, 0.1411 -0.9677 0.3348, 0.1396 -0.9677 0.3363, 0.1333 -0.9675 0.3395, 0.1367 -0.9676 0.3382
            ]
        }
        coordIndex [
            0,1,2,-1,2,1,3,-1,2,4,5,-1,3,6,2,-1,2,6,7,-1,2,7,4,-1,5,8,2,-1,2,8,9,-1,2,9,10,-1,10,11,2,-1,2,11,12,-1,2,12,13,-1,13,14,2,-1,2,14,15,-1,2,15,16,-1,16,15,17,-1,
        ]
    }
}
Shape{
    appearance Appearance {
        material  Material 	{
            diffuseColor 0.0 0.0 0.0
            specularColor 0.0 0.0 0.0
            ambientIntensity 0.0
            transparency 0.0
            shininess 0.5
        }
    }
    geometry IndexedFaceSet {
        ccw TRUE
        solid FALSE
        coord DEF co Coordinate {
            point [
                0.1629 -0.9724 0.3203, 0.1612 -0.9727 0.3158, 0.1763 -0.9724 0.3203, 0.1779 -0.9727 0.3158, 0.1688 -0.9716 0.337, 0.1669 -0.9712 0.3449, 0.1517 -0.9732 0.3049, 0.1574 -0.9732 0.3049, 0.1692 -0.9715 0.3382, 0.1695 -0.9714 0.3398, 0.1724 -0.9712 0.3449, 0.1696 -0.9714 0.3398, 0.1699 -0.9715 0.3381, 0.1702 -0.9716 0.337, 0.1877 -0.9732 0.3049, 0.182 -0.9732 0.3049, 0.1724 -0.9672 0.3447, 0.1877 -0.9693 0.3047, 0.1669 -0.9672 0.3447, 0.1517 -0.9693 0.3047, 0.1632 -0.9677 0.3349, 0.1574 -0.9693 0.3047, 0.1612 -0.9687 0.3156, 0.1779 -0.9687 0.3156, 0.1632 -0.9687 0.3156, 0.182 -0.9693 0.3047, 0.1629 -0.9685 0.3201, 0.1763 -0.9685 0.3201, 0.1702 -0.9676 0.3368, 0.1696 -0.9675 0.3396, 0.1699 -0.9676 0.3379, 0.1695 -0.9675 0.3396, 0.1688 -0.9676 0.3368, 0.1692 -0.9676 0.3379
            ]
        }
        coordIndex [
            0,1,2,-1,2,1,3,-1,4,5,0,-1,0,5,6,-1,0,6,1,-1,1,6,7,-1,4,8,5,-1,5,8,9,-1,5,9,10,-1,10,9,11,-1,10,11,12,-1,12,13,10,-1,10,13,2,-1,10,2,14,-1,14,2,3,-1,14,3,15,-1,10,14,16,-1,16,14,17,-1,5,10,18,-1,18,10,16,-1,19,6,20,-1,20,6,5,-1,20,5,18,-1,7,6,21,-1,21,6,19,-1,1,7,22,-1,22,7,21,-1,23,3,24,-1,24,3,1,-1,24,1,22,-1,15,3,25,-1,25,3,23,-1,14,15,17,-1,17,15,25,-1,0,2,26,-1,26,2,27,-1,2,13,27,-1,27,13,28,-1,11,29,30,-1,11,30,12,-1,12,30,28,-1,12,28,13,-1,11,9,29,-1,29,9,31,-1,4,32,33,-1,4,33,8,-1,8,33,31,-1,8,31,9,-1,4,0,32,-1,32,0,26,-1,
        ]
    }
}
Shape{
    appearance Appearance {
        material  Material 	{
            diffuseColor 1.0 1.0 1.0
            specularColor 0.5019607843137255 0.5019607843137255 0.5019607843137255
            ambientIntensity 1.0
            transparency 0.0
            shininess 0.5
        }
    }
    geometry IndexedFaceSet {
        ccw TRUE
        solid FALSE
        coord DEF co Coordinate {
            point [
                0.1696 -0.9675 0.3396, 0.1695 -0.9675 0.3396, 0.1699 -0.9676 0.3379, 0.1692 -0.9676 0.3379, 0.1702 -0.9676 0.3368, 0.1688 -0.9676 0.3368, 0.1763 -0.9685 0.3201, 0.1629 -0.9685 0.3201
            ]
        }
        coordIndex [
            0,1,2,-1,2,1,3,-1,2,3,4,-1,4,3,5,-1,4,5,6,-1,6,5,7,-1,
        ]
    }
}
Shape{
    appearance Appearance {
        material  Material 	{
            diffuseColor 0.0 0.0 0.0
            specularColor 0.0 0.0 0.0
            ambientIntensity 0.0
            transparency 0.0
            shininess 0.5
        }
    }
    geometry IndexedFaceSet {
        ccw TRUE
        solid FALSE
        coord DEF co Coordinate {
            point [
                0.0485 -0.9763 0.246, 0.0485 -0.9766 0.2415, 0.0485 -0.9724 0.2458, 0.0485 -0.9726 0.2413, 0.0322 -0.9763 0.246, 0.0322 -0.9724 0.2458, 0.0322 -0.9756 0.2595, 0.0322 -0.9717 0.2593, 0.0465 -0.9756 0.2595, 0.0465 -0.9717 0.2593, 0.0465 -0.9754 0.264, 0.0465 -0.9715 0.2638, 0.0322 -0.9754 0.264, 0.0322 -0.9715 0.2638, 0.0322 -0.9747 0.2768, 0.0322 -0.9708 0.2766, 0.0476 -0.9747 0.2768, 0.0476 -0.9708 0.2766, 0.0476 -0.9745 0.2814, 0.0476 -0.9705 0.2812, 0.027 -0.9745 0.2814, 0.027 -0.9705 0.2812, 0.027 -0.9766 0.2415, 0.027 -0.9726 0.2413, 0.0712 -0.9763 0.2459, 0.0713 -0.9763 0.2459, 0.071 -0.9761 0.2505, 0.0713 -0.976 0.2527, 0.0763 -0.9756 0.2598, 0.0713 -0.976 0.2531, 0.0713 -0.9758 0.2558, 0.0713 -0.9766 0.2415, 0.0763 -0.9766 0.2415, 0.0604 -0.9759 0.2536, 0.0616 -0.9759 0.2542, 0.0589 -0.9757 0.2574, 0.0702 -0.9762 0.2487, 0.0692 -0.9763 0.2472, 0.0704 -0.9764 0.2447, 0.0685 -0.9763 0.2466, 0.0688 -0.9765 0.243, 0.0671 -0.9764 0.2457, 0.067 -0.9766 0.2418, 0.0656 -0.9764 0.2451, 0.065 -0.9766 0.2411, 0.0637 -0.9764 0.2449, 0.0624 -0.9766 0.2408, 0.062 -0.9764 0.2451, 0.0594 -0.9766 0.2411, 0.0609 -0.9764 0.2455, 0.0575 -0.9766 0.2419, 0.0599 -0.9763 0.2462, 0.0558 -0.9765 0.243, 0.0595 -0.9763 0.2466, 0.0628 -0.9757 0.2584, 0.0646 -0.9759 0.2549, 0.0713 -0.9756 0.2596, 0.0598 -0.976 0.2531, 0.0568 -0.9758 0.2563, 0.0592 -0.976 0.2524, 0.0553 -0.9759 0.255, 0.0587 -0.976 0.2515, 0.0542 -0.9759 0.2534, 0.0585 -0.9761 0.2503, 0.0536 -0.976 0.2516, 0.0584 -0.9761 0.2495, 0.0533 -0.9762 0.2491, 0.0586 -0.9762 0.2484, 0.0536 -0.9763 0.2468, 0.0589 -0.9763 0.2475, 0.0542 -0.9764 0.2451, 0.0552 -0.9765 0.2436, 0.0561 -0.9752 0.268, 0.0561 -0.9754 0.2632, 0.0578 -0.9751 0.2689, 0.0594 -0.9753 0.2652, 0.0617 -0.9751 0.2702, 0.0625 -0.9753 0.2663, 0.066 -0.975 0.2707, 0.0655 -0.9753 0.2666, 0.0689 -0.9751 0.2704, 0.0672 -0.9753 0.2664, 0.071 -0.9751 0.2698, 0.0684 -0.9753 0.266, 0.0727 -0.9751 0.2689, 0.0693 -0.9753 0.2654, 0.074 -0.9752 0.2676, 0.07 -0.9754 0.2646, 0.0751 -0.9753 0.266, 0.0706 -0.9754 0.2636, 0.0759 -0.9754 0.2638, 0.0711 -0.9755 0.2618, 0.066 -0.9711 0.2705, 0.0617 -0.9711 0.27, 0.0578 -0.9712 0.2687, 0.0561 -0.9712 0.2678, 0.0561 -0.9715 0.2629, 0.0594 -0.9714 0.265, 0.0625 -0.9713 0.2661, 0.0655 -0.9713 0.2664, 0.0672 -0.9713 0.2662, 0.0684 -0.9714 0.2658, 0.0693 -0.9714 0.2652, 0.07 -0.9714 0.2644, 0.0706 -0.9715 0.2634, 0.0711 -0.9716 0.2616, 0.0713 -0.9717 0.2594, 0.0628 -0.9718 0.2582, 0.0589 -0.9718 0.2572, 0.0568 -0.9719 0.2561, 0.0553 -0.9719 0.2548, 0.0542 -0.972 0.2532, 0.0536 -0.9721 0.2514, 0.0533 -0.9722 0.2489, 0.0536 -0.9724 0.2466, 0.0542 -0.9724 0.2449, 0.0552 -0.9725 0.2434, 0.0558 -0.9726 0.2428, 0.0624 -0.9727 0.2406, 0.0595 -0.9727 0.2409, 0.0594 -0.9727 0.2409, 0.0575 -0.9726 0.2417, 0.065 -0.9727 0.2409, 0.0651 -0.9727 0.2409, 0.067 -0.9726 0.2416, 0.0688 -0.9726 0.2428, 0.0704 -0.9725 0.2445, 0.0712 -0.9724 0.2457, 0.0713 -0.9724 0.2457, 0.0713 -0.9726 0.2413, 0.0763 -0.9726 0.2413, 0.0763 -0.9717 0.2596, 0.0759 -0.9715 0.2636, 0.0751 -0.9714 0.2658, 0.074 -0.9713 0.2674, 0.0727 -0.9712 0.2687, 0.071 -0.9712 0.2696, 0.0689 -0.9711 0.2702, 0.0598 -0.972 0.2529, 0.0604 -0.972 0.2534, 0.0616 -0.972 0.254, 0.0646 -0.9719 0.2547, 0.0584 -0.9722 0.2493, 0.0585 -0.9722 0.2501, 0.0587 -0.9721 0.2513, 0.0592 -0.9721 0.2522, 0.0599 -0.9724 0.246, 0.0595 -0.9724 0.2464, 0.0589 -0.9723 0.2473, 0.0586 -0.9723 0.2482, 0.0637 -0.9725 0.2447, 0.062 -0.9724 0.2449, 0.0609 -0.9724 0.2453, 0.0692 -0.9723 0.247, 0.0685 -0.9724 0.2464, 0.0671 -0.9724 0.2455, 0.0656 -0.9724 0.2449, 0.0713 -0.972 0.2528, 0.0713 -0.972 0.2525, 0.071 -0.9722 0.2503, 0.0702 -0.9723 0.2485, 0.0713 -0.9719 0.2556
            ]
        }
        coordIndex [
            0,1,2,-1,2,1,3,-1,4,0,5,-1,5,0,2,-1,6,4,7,-1,7,4,5,-1,8,6,9,-1,9,6,7,-1,10,8,11,-1,11,8,9,-1,12,10,13,-1,13,10,11,-1,14,12,15,-1,15,12,13,-1,16,14,17,-1,17,14,15,-1,18,16,19,-1,19,16,17,-1,20,18,21,-1,21,18,19,-1,22,20,23,-1,23,20,21,-1,1,22,3,-1,3,22,23,-1,22,1,0,-1,0,4,22,-1,22,4,6,-1,22,6,20,-1,16,18,14,-1,14,18,20,-1,14,20,12,-1,12,20,6,-1,12,6,10,-1,10,6,8,-1,24,25,26,-1,27,28,29,-1,29,28,30,-1,31,32,25,-1,25,32,28,-1,25,28,26,-1,26,28,27,-1,33,34,35,-1,26,36,24,-1,24,36,37,-1,24,37,38,-1,38,37,39,-1,38,39,40,-1,40,39,41,-1,40,41,42,-1,42,41,43,-1,42,43,44,-1,44,43,45,-1,44,45,46,-1,46,45,47,-1,46,47,48,-1,48,47,49,-1,48,49,50,-1,50,49,51,-1,50,51,52,-1,52,51,53,-1,35,34,54,-1,54,34,55,-1,54,55,56,-1,33,35,57,-1,57,35,58,-1,57,58,59,-1,59,58,60,-1,59,60,61,-1,61,60,62,-1,61,62,63,-1,63,62,64,-1,63,64,65,-1,65,64,66,-1,65,66,67,-1,67,66,68,-1,67,68,69,-1,69,68,70,-1,69,70,53,-1,53,70,71,-1,53,71,52,-1,72,73,74,-1,74,73,75,-1,74,75,76,-1,76,75,77,-1,76,77,78,-1,78,77,79,-1,78,79,80,-1,80,79,81,-1,80,81,82,-1,82,81,83,-1,82,83,84,-1,84,83,85,-1,84,85,86,-1,86,85,87,-1,86,87,88,-1,88,87,89,-1,88,89,90,-1,90,89,91,-1,90,91,28,-1,28,91,56,-1,28,56,30,-1,30,56,55,-1,78,92,93,-1,78,93,76,-1,76,93,94,-1,76,94,74,-1,74,94,95,-1,74,95,72,-1,73,72,96,-1,96,72,95,-1,73,96,97,-1,73,97,75,-1,75,97,98,-1,75,98,77,-1,77,98,99,-1,77,99,79,-1,79,99,100,-1,79,100,81,-1,81,100,101,-1,81,101,83,-1,83,101,102,-1,83,102,85,-1,85,102,103,-1,85,103,87,-1,87,103,104,-1,87,104,89,-1,89,104,105,-1,89,105,91,-1,91,105,106,-1,91,106,56,-1,54,56,107,-1,107,56,106,-1,54,107,108,-1,54,108,35,-1,35,108,109,-1,35,109,58,-1,58,109,110,-1,58,110,60,-1,60,110,111,-1,60,111,62,-1,62,111,112,-1,62,112,64,-1,64,112,113,-1,64,113,66,-1,66,113,114,-1,66,114,68,-1,68,114,115,-1,68,115,70,-1,70,115,116,-1,70,116,71,-1,71,116,117,-1,71,117,52,-1,118,46,119,-1,119,46,48,-1,119,48,120,-1,120,48,50,-1,120,50,121,-1,121,50,52,-1,121,52,117,-1,46,118,122,-1,46,122,44,-1,44,122,123,-1,44,123,42,-1,123,124,42,-1,42,124,125,-1,42,125,40,-1,40,125,126,-1,40,126,38,-1,38,126,127,-1,38,127,24,-1,25,24,128,-1,128,24,127,-1,31,25,129,-1,129,25,128,-1,32,31,130,-1,130,31,129,-1,28,32,131,-1,131,32,130,-1,28,131,132,-1,28,132,90,-1,90,132,133,-1,90,133,88,-1,88,133,134,-1,88,134,86,-1,86,134,135,-1,86,135,84,-1,84,135,136,-1,84,136,82,-1,82,136,137,-1,82,137,80,-1,80,137,92,-1,80,92,78,-1,57,138,139,-1,57,139,33,-1,33,139,140,-1,33,140,34,-1,34,140,141,-1,34,141,55,-1,65,142,143,-1,65,143,63,-1,63,143,144,-1,63,144,61,-1,61,144,145,-1,61,145,59,-1,59,145,138,-1,59,138,57,-1,51,146,147,-1,51,147,53,-1,53,147,148,-1,53,148,69,-1,69,148,149,-1,69,149,67,-1,67,149,142,-1,67,142,65,-1,45,150,151,-1,45,151,47,-1,47,151,152,-1,47,152,49,-1,49,152,146,-1,49,146,51,-1,37,153,154,-1,37,154,39,-1,39,154,155,-1,39,155,41,-1,41,155,156,-1,41,156,43,-1,43,156,150,-1,43,150,45,-1,29,157,158,-1,29,158,27,-1,27,158,159,-1,27,159,26,-1,26,159,160,-1,26,160,36,-1,36,160,153,-1,36,153,37,-1,29,30,157,-1,157,30,161,-1,30,55,161,-1,161,55,141,-1,
        ]
    }
}
Shape{
    appearance Appearance {
        material  Material 	{
            diffuseColor 1.0 1.0 1.0
            specularColor 0.5019607843137255 0.5019607843137255 0.5019607843137255
            ambientIntensity 1.0
            transparency 0.0
            shininess 0.5
        }
    }
    geometry IndexedFaceSet {
        ccw TRUE
        solid FALSE
        coord DEF co Coordinate {
            point [
                0.0713 -0.972 0.2525, 0.0713 -0.972 0.2528, 0.0598 -0.972 0.2529, 0.0713 -0.9719 0.2556, 0.0646 -0.9719 0.2547, 0.0616 -0.972 0.254, 0.0604 -0.972 0.2534, 0.071 -0.9722 0.2503, 0.0592 -0.9721 0.2522, 0.0702 -0.9723 0.2485, 0.0595 -0.9724 0.2464, 0.0599 -0.9724 0.246, 0.0685 -0.9724 0.2464, 0.0589 -0.9723 0.2473, 0.0671 -0.9724 0.2455, 0.0656 -0.9724 0.2449, 0.0637 -0.9725 0.2447, 0.0587 -0.9721 0.2513, 0.0585 -0.9722 0.2501, 0.0692 -0.9723 0.247, 0.0584 -0.9722 0.2493, 0.0586 -0.9723 0.2482, 0.0609 -0.9724 0.2453, 0.062 -0.9724 0.2449
            ]
        }
        coordIndex [
            0,1,2,-1,1,3,4,-1,4,5,1,-1,1,5,6,-1,1,6,2,-1,0,2,7,-1,7,2,8,-1,7,8,9,-1,10,11,12,-1,10,12,13,-1,14,12,15,-1,15,12,16,-1,8,17,9,-1,9,17,18,-1,9,18,19,-1,19,18,20,-1,19,20,12,-1,12,20,21,-1,12,21,13,-1,11,22,12,-1,12,22,23,-1,12,23,16,-1,
        ]
    }
}
Shape{
    appearance Appearance {
        material  Material 	{
            diffuseColor 0.0 0.0 0.0
            specularColor 0.0 0.0 0.0
            ambientIntensity 0.0
            transparency 0.0
            shininess 0.5
        }
    }
    geometry IndexedFaceSet {
        ccw TRUE
        solid FALSE
        coord DEF co Coordinate {
            point [
                0.0831 -0.9723 0.2474, 0.0831 -0.9762 0.2476, 0.0849 -0.9763 0.2465, 0.0914 -0.9764 0.2449, 0.0914 -0.9725 0.2447, 0.088 -0.9724 0.2451, 0.088 -0.9764 0.2453, 0.0854 -0.9724 0.2461, 0.0849 -0.9724 0.2463, 0.0831 -0.9765 0.2425, 0.0831 -0.9726 0.2423, 0.0854 -0.9726 0.2414, 0.0865 -0.9766 0.2413, 0.0909 -0.9727 0.2406, 0.0909 -0.9766 0.2408, 0.0878 -0.9727 0.2409, 0.0865 -0.9726 0.2411, 0.0941 -0.9727 0.2409, 0.095 -0.9766 0.2412, 0.095 -0.9727 0.241, 0.0977 -0.9726 0.242, 0.0977 -0.9765 0.2422, 0.0992 -0.9726 0.2429, 0.0992 -0.9765 0.2431, 0.1006 -0.9725 0.2441, 0.1006 -0.9764 0.2443, 0.1016 -0.9724 0.2454, 0.1016 -0.9764 0.2456, 0.1022 -0.9723 0.247, 0.1022 -0.9763 0.2472, 0.1024 -0.9722 0.249, 0.1024 -0.9762 0.2492, 0.1022 -0.9721 0.2509, 0.1022 -0.9761 0.2511, 0.1017 -0.9721 0.2524, 0.1017 -0.976 0.2526, 0.1007 -0.972 0.2537, 0.1007 -0.9759 0.254, 0.0996 -0.9719 0.2548, 0.0996 -0.9759 0.255, 0.0962 -0.9718 0.2567, 0.0962 -0.9758 0.2569, 0.0943 -0.9718 0.2574, 0.0943 -0.9757 0.2577, 0.0912 -0.9717 0.2588, 0.0912 -0.9757 0.259, 0.0894 -0.9717 0.2599, 0.0894 -0.9756 0.2601, 0.0889 -0.9716 0.2604, 0.0889 -0.9756 0.2606, 0.0886 -0.9716 0.2611, 0.0886 -0.9755 0.2613, 0.0884 -0.9716 0.2619, 0.0884 -0.9755 0.2621, 0.0883 -0.9715 0.2626, 0.0883 -0.9755 0.2628, 0.0884 -0.9715 0.2634, 0.0884 -0.9754 0.2636, 0.0887 -0.9714 0.264, 0.0887 -0.9754 0.2642, 0.0891 -0.9714 0.2647, 0.0891 -0.9753 0.2649, 0.0898 -0.9714 0.2653, 0.0898 -0.9753 0.2655, 0.091 -0.9713 0.2659, 0.091 -0.9753 0.2661, 0.0923 -0.9713 0.2663, 0.0923 -0.9753 0.2665, 0.0938 -0.9713 0.2664, 0.0938 -0.9753 0.2666, 0.0973 -0.9713 0.266, 0.0973 -0.9753 0.2662, 0.1001 -0.9714 0.2649, 0.1001 -0.9753 0.2651, 0.1011 -0.9714 0.2643, 0.1011 -0.9754 0.2645, 0.1011 -0.9751 0.2694, 0.1011 -0.9712 0.2692, 0.0975 -0.9711 0.2702, 0.0975 -0.9751 0.2704, 0.0943 -0.9711 0.2705, 0.0943 -0.975 0.2707, 0.0905 -0.9711 0.27, 0.0905 -0.9751 0.2702, 0.0877 -0.9712 0.269, 0.0877 -0.9751 0.2692, 0.0864 -0.9712 0.2682, 0.0864 -0.9752 0.2684, 0.0854 -0.9713 0.2674, 0.0849 -0.9752 0.2671, 0.0849 -0.9713 0.2669, 0.0839 -0.9714 0.2655, 0.0839 -0.9753 0.2657, 0.0833 -0.9715 0.2639, 0.0833 -0.9754 0.2641, 0.0831 -0.9715 0.2621, 0.0831 -0.9755 0.2623, 0.0834 -0.9716 0.2602, 0.0834 -0.9756 0.2604, 0.0839 -0.9717 0.2586, 0.0839 -0.9757 0.2588, 0.0846 -0.9718 0.2576, 0.0846 -0.9757 0.2578, 0.0907 -0.972 0.2538, 0.0907 -0.9759 0.254, 0.0878 -0.9758 0.2554, 0.0854 -0.9718 0.2567, 0.0854 -0.9758 0.2569, 0.0854 -0.9718 0.2567, 0.0878 -0.9719 0.2552, 0.094 -0.9721 0.2524, 0.094 -0.976 0.2526, 0.096 -0.9721 0.2513, 0.096 -0.976 0.2515, 0.0966 -0.9721 0.2506, 0.0966 -0.9761 0.2508, 0.097 -0.9722 0.2499, 0.097 -0.9761 0.2501, 0.0972 -0.9722 0.2492, 0.0972 -0.9762 0.2494, 0.0973 -0.9723 0.2485, 0.0973 -0.9762 0.2487, 0.0972 -0.9723 0.2476, 0.0972 -0.9762 0.2478, 0.0969 -0.9723 0.2469, 0.0969 -0.9763 0.2471, 0.0965 -0.9724 0.2462, 0.0965 -0.9763 0.2464, 0.0959 -0.9724 0.2457, 0.0959 -0.9763 0.2459, 0.0954 -0.9724 0.2454, 0.0954 -0.9764 0.2456, 0.0942 -0.9724 0.245, 0.0942 -0.9764 0.2452, 0.0916 -0.9725 0.2447, 0.0916 -0.9764 0.2449, 0.1273 -0.9751 0.27, 0.1325 -0.9751 0.27, 0.1273 -0.9711 0.2698, 0.1325 -0.9711 0.2698, 0.1195 -0.9762 0.2485, 0.1195 -0.9723 0.2483, 0.1191 -0.9723 0.247, 0.1191 -0.9763 0.2472, 0.1189 -0.9724 0.246, 0.1189 -0.9763 0.2462, 0.1187 -0.9763 0.2462, 0.1187 -0.9724 0.246, 0.1181 -0.9762 0.2486, 0.1181 -0.9723 0.2484, 0.1106 -0.9751 0.27, 0.1131 -0.9715 0.2629, 0.1106 -0.9711 0.2698, 0.105 -0.9751 0.27, 0.105 -0.9711 0.2698, 0.1163 -0.9766 0.2415, 0.1131 -0.9722 0.2494, 0.1163 -0.9726 0.2413, 0.1141 -0.9729 0.2361, 0.1141 -0.9768 0.2363, 0.1161 -0.9727 0.2409, 0.1131 -0.973 0.2343, 0.1131 -0.9769 0.2345, 0.1131 -0.973 0.2343, 0.1121 -0.977 0.2335, 0.1121 -0.9731 0.2333, 0.1112 -0.9731 0.2326, 0.1112 -0.977 0.2329, 0.1101 -0.9731 0.2322, 0.1101 -0.977 0.2324, 0.1089 -0.9731 0.2321, 0.1089 -0.9771 0.2323, 0.1071 -0.9731 0.2323, 0.1071 -0.977 0.2325, 0.1061 -0.9731 0.2327, 0.1061 -0.977 0.2329, 0.1061 -0.9773 0.2284, 0.1061 -0.9733 0.2282, 0.1082 -0.9733 0.2278, 0.1082 -0.9773 0.2281, 0.1093 -0.9733 0.2278, 0.1093 -0.9773 0.228, 0.1113 -0.9733 0.228, 0.1113 -0.9773 0.2282, 0.1131 -0.9733 0.2287, 0.1133 -0.9772 0.229, 0.1133 -0.9733 0.2288, 0.1151 -0.9732 0.23, 0.1151 -0.9772 0.2302, 0.1154 -0.9732 0.2303, 0.1154 -0.9771 0.2305, 0.1172 -0.9731 0.2325, 0.1172 -0.977 0.2327, 0.1195 -0.9729 0.2369, 0.1195 -0.9768 0.2372, 0.1211 -0.9727 0.2409, 0.1594 -0.9763 0.246, 0.1594 -0.9766 0.2415, 0.1594 -0.9724 0.2458, 0.1594 -0.9726 0.2413, 0.1431 -0.9763 0.246, 0.1506 -0.9724 0.2458, 0.1431 -0.9724 0.2458, 0.1431 -0.9756 0.2595, 0.1431 -0.9717 0.2593, 0.1574 -0.9756 0.2595, 0.1506 -0.9717 0.2593, 0.1574 -0.9717 0.2593, 0.1574 -0.9754 0.264, 0.1574 -0.9715 0.2638, 0.1431 -0.9715 0.2638, 0.1431 -0.9754 0.264, 0.1506 -0.9715 0.2638, 0.1431 -0.9747 0.2768, 0.1431 -0.9708 0.2766, 0.1585 -0.9708 0.2766, 0.1585 -0.9747 0.2768, 0.1506 -0.9708 0.2766, 0.1585 -0.9745 0.2814, 0.1585 -0.9705 0.2812, 0.1379 -0.9705 0.2812, 0.1379 -0.9745 0.2814, 0.1506 -0.9705 0.2812, 0.1379 -0.9766 0.2415, 0.1379 -0.9726 0.2413, 0.1506 -0.9726 0.2413, 0.1919 -0.976 0.2528, 0.1899 -0.9761 0.2502, 0.1935 -0.9763 0.2471, 0.1894 -0.9761 0.2497, 0.1893 -0.9764 0.244, 0.1868 -0.9762 0.2479, 0.1847 -0.9765 0.2423, 0.1834 -0.9763 0.2467, 0.178 -0.9766 0.2415, 0.178 -0.9763 0.246, 0.167 -0.9766 0.2415, 0.1721 -0.9763 0.246, 0.167 -0.9745 0.2814, 0.1721 -0.9747 0.2768, 0.1784 -0.9745 0.2814, 0.1782 -0.9747 0.2768, 0.1845 -0.9745 0.2808, 0.1834 -0.9747 0.2763, 0.1893 -0.9746 0.279, 0.1869 -0.9748 0.275, 0.1935 -0.9748 0.2761, 0.1898 -0.9749 0.2731, 0.195 -0.9748 0.2747, 0.1912 -0.975 0.2716, 0.1974 -0.975 0.2713, 0.1927 -0.9751 0.2693, 0.1989 -0.9752 0.2674, 0.1937 -0.9753 0.2662, 0.1996 -0.9755 0.262, 0.1941 -0.9755 0.2618, 0.1994 -0.9757 0.2588, 0.194 -0.9756 0.2594, 0.1983 -0.9759 0.2542, 0.1933 -0.9758 0.2557, 0.1962 -0.9761 0.2501, 0.178 -0.9726 0.2413, 0.167 -0.9726 0.2413, 0.1847 -0.9726 0.2421, 0.1893 -0.9725 0.2438, 0.1935 -0.9723 0.2469, 0.1962 -0.9722 0.2499, 0.1983 -0.972 0.254, 0.1994 -0.9717 0.2586, 0.1996 -0.9716 0.2618, 0.1989 -0.9713 0.2672, 0.1974 -0.9711 0.271, 0.195 -0.9709 0.2745, 0.1935 -0.9708 0.2759, 0.1893 -0.9707 0.2788, 0.1845 -0.9706 0.2806, 0.1784 -0.9705 0.2812, 0.167 -0.9705 0.2812, 0.1782 -0.9708 0.2766, 0.1721 -0.9708 0.2766, 0.1721 -0.9724 0.2458, 0.178 -0.9724 0.2458, 0.1899 -0.9722 0.25, 0.1894 -0.9722 0.2495, 0.1868 -0.9723 0.2477, 0.1834 -0.9724 0.2465, 0.1941 -0.9716 0.2616, 0.194 -0.9717 0.2592, 0.1933 -0.9719 0.2555, 0.1919 -0.972 0.2526, 0.1898 -0.971 0.2729, 0.1912 -0.9711 0.2714, 0.1927 -0.9712 0.2691, 0.1937 -0.9713 0.266, 0.1834 -0.9708 0.2761, 0.1869 -0.9709 0.2748
            ]
        }
        coordIndex [
            0,1,2,-1,3,4,5,-1,3,5,6,-1,6,5,7,-1,6,7,2,-1,2,7,8,-1,2,8,0,-1,9,1,10,-1,10,1,0,-1,10,11,9,-1,9,11,12,-1,13,14,15,-1,15,14,12,-1,15,12,16,-1,16,12,11,-1,13,17,14,-1,14,17,18,-1,17,19,18,-1,18,19,20,-1,18,20,21,-1,21,20,22,-1,21,22,23,-1,23,22,24,-1,23,24,25,-1,25,24,26,-1,25,26,27,-1,27,26,28,-1,27,28,29,-1,29,28,30,-1,29,30,31,-1,31,30,32,-1,31,32,33,-1,33,32,34,-1,33,34,35,-1,35,34,36,-1,35,36,37,-1,37,36,38,-1,37,38,39,-1,39,38,40,-1,39,40,41,-1,41,40,42,-1,41,42,43,-1,43,42,44,-1,43,44,45,-1,45,44,46,-1,45,46,47,-1,47,46,48,-1,47,48,49,-1,49,48,50,-1,49,50,51,-1,51,50,52,-1,51,52,53,-1,53,52,54,-1,53,54,55,-1,55,54,56,-1,55,56,57,-1,57,56,58,-1,57,58,59,-1,59,58,60,-1,59,60,61,-1,61,60,62,-1,61,62,63,-1,63,62,64,-1,63,64,65,-1,65,64,66,-1,65,66,67,-1,67,66,68,-1,67,68,69,-1,69,68,70,-1,69,70,71,-1,71,70,72,-1,71,72,73,-1,73,72,74,-1,73,74,75,-1,76,75,77,-1,77,75,74,-1,76,77,78,-1,76,78,79,-1,79,78,80,-1,79,80,81,-1,81,80,82,-1,81,82,83,-1,83,82,84,-1,83,84,85,-1,85,84,86,-1,85,86,87,-1,86,88,87,-1,87,88,89,-1,88,90,89,-1,89,90,91,-1,89,91,92,-1,92,91,93,-1,92,93,94,-1,94,93,95,-1,94,95,96,-1,96,95,97,-1,96,97,98,-1,98,97,99,-1,98,99,100,-1,100,99,101,-1,100,101,102,-1,103,104,105,-1,102,101,106,-1,102,106,107,-1,107,106,108,-1,107,108,105,-1,105,108,109,-1,105,109,103,-1,104,103,110,-1,104,110,111,-1,111,110,112,-1,111,112,113,-1,113,112,114,-1,113,114,115,-1,115,114,116,-1,115,116,117,-1,117,116,118,-1,117,118,119,-1,119,118,120,-1,119,120,121,-1,121,120,122,-1,121,122,123,-1,123,122,124,-1,123,124,125,-1,125,124,126,-1,125,126,127,-1,127,126,128,-1,127,128,129,-1,129,128,130,-1,129,130,131,-1,131,130,132,-1,131,132,133,-1,133,132,134,-1,133,134,135,-1,135,134,4,-1,135,4,3,-1,61,63,85,-1,85,63,83,-1,111,43,104,-1,104,43,45,-1,14,3,12,-1,12,3,6,-1,12,6,9,-1,9,6,2,-1,9,2,1,-1,63,65,83,-1,83,65,67,-1,83,67,81,-1,81,67,69,-1,81,69,79,-1,79,69,71,-1,79,71,76,-1,76,71,73,-1,76,73,75,-1,21,23,127,-1,127,23,25,-1,127,25,125,-1,125,25,27,-1,125,27,123,-1,123,27,29,-1,123,29,121,-1,121,29,31,-1,121,31,119,-1,119,31,33,-1,119,33,117,-1,117,33,35,-1,117,35,115,-1,115,35,37,-1,115,37,113,-1,113,37,39,-1,113,39,111,-1,111,39,41,-1,111,41,43,-1,127,129,21,-1,21,129,131,-1,21,131,18,-1,18,131,133,-1,18,133,14,-1,14,133,135,-1,14,135,3,-1,85,87,61,-1,61,87,89,-1,61,89,59,-1,59,89,92,-1,59,92,57,-1,57,92,94,-1,57,94,55,-1,55,94,96,-1,55,96,53,-1,53,96,98,-1,53,98,51,-1,51,98,100,-1,51,100,49,-1,49,100,102,-1,49,102,47,-1,47,102,107,-1,47,107,45,-1,45,107,105,-1,45,105,104,-1,136,137,138,-1,138,137,139,-1,140,136,141,-1,141,136,138,-1,140,141,142,-1,140,142,143,-1,143,142,144,-1,143,144,145,-1,146,145,147,-1,147,145,144,-1,148,146,149,-1,149,146,147,-1,148,149,150,-1,150,149,151,-1,150,151,152,-1,153,150,154,-1,154,150,152,-1,153,154,155,-1,155,154,156,-1,155,156,157,-1,158,159,160,-1,160,159,155,-1,160,155,157,-1,159,158,161,-1,159,161,162,-1,162,161,163,-1,162,163,164,-1,163,165,164,-1,164,165,166,-1,164,166,167,-1,167,166,168,-1,167,168,169,-1,169,168,170,-1,169,170,171,-1,171,170,172,-1,171,172,173,-1,173,172,174,-1,173,174,175,-1,176,175,177,-1,177,175,174,-1,176,177,178,-1,176,178,179,-1,179,178,180,-1,179,180,181,-1,181,180,182,-1,181,182,183,-1,183,182,184,-1,183,184,185,-1,184,186,185,-1,185,186,187,-1,185,187,188,-1,188,187,189,-1,188,189,190,-1,190,189,191,-1,190,191,192,-1,192,191,193,-1,192,193,194,-1,139,137,195,-1,195,137,194,-1,195,194,193,-1,143,145,194,-1,137,136,194,-1,194,136,140,-1,194,140,143,-1,150,153,148,-1,148,153,155,-1,148,155,146,-1,192,162,190,-1,190,162,164,-1,175,176,173,-1,173,176,179,-1,173,179,171,-1,171,179,181,-1,171,181,169,-1,169,181,183,-1,169,183,167,-1,167,183,185,-1,167,185,164,-1,164,185,188,-1,164,188,190,-1,145,146,194,-1,194,146,155,-1,194,155,192,-1,192,155,159,-1,192,159,162,-1,196,197,198,-1,198,197,199,-1,196,198,200,-1,200,198,201,-1,200,201,202,-1,203,200,204,-1,204,200,202,-1,203,204,205,-1,205,204,206,-1,205,206,207,-1,208,205,209,-1,209,205,207,-1,210,211,212,-1,212,211,208,-1,212,208,209,-1,213,211,214,-1,214,211,210,-1,215,216,217,-1,217,216,213,-1,217,213,214,-1,218,216,219,-1,219,216,215,-1,220,221,222,-1,222,221,218,-1,222,218,219,-1,223,221,224,-1,224,221,220,-1,223,224,197,-1,197,224,225,-1,197,225,199,-1,223,197,196,-1,196,200,223,-1,223,200,203,-1,223,203,221,-1,216,218,213,-1,213,218,221,-1,213,221,211,-1,211,221,203,-1,211,203,208,-1,208,203,205,-1,226,227,228,-1,228,227,229,-1,228,229,230,-1,230,229,231,-1,230,231,232,-1,232,231,233,-1,232,233,234,-1,234,233,235,-1,234,235,236,-1,236,235,237,-1,236,237,238,-1,238,237,239,-1,238,239,240,-1,240,239,241,-1,240,241,242,-1,242,241,243,-1,242,243,244,-1,244,243,245,-1,244,245,246,-1,246,245,247,-1,246,247,248,-1,248,247,249,-1,248,249,250,-1,250,249,251,-1,250,251,252,-1,252,251,253,-1,252,253,254,-1,254,253,255,-1,254,255,256,-1,256,255,257,-1,256,257,258,-1,258,257,259,-1,258,259,260,-1,260,259,226,-1,260,226,228,-1,234,236,261,-1,261,236,262,-1,234,261,263,-1,234,263,232,-1,232,263,264,-1,232,264,230,-1,230,264,265,-1,230,265,228,-1,228,265,266,-1,228,266,260,-1,260,266,267,-1,260,267,258,-1,258,267,268,-1,258,268,256,-1,256,268,269,-1,256,269,254,-1,254,269,270,-1,254,270,252,-1,252,270,271,-1,252,271,250,-1,250,271,272,-1,250,272,248,-1,248,272,273,-1,248,273,246,-1,246,273,274,-1,246,274,244,-1,244,274,275,-1,244,275,242,-1,242,275,276,-1,242,276,240,-1,238,240,277,-1,277,240,276,-1,236,238,262,-1,262,238,277,-1,241,239,278,-1,278,239,279,-1,239,237,279,-1,279,237,280,-1,237,235,280,-1,280,235,281,-1,227,282,283,-1,227,283,229,-1,229,283,284,-1,229,284,231,-1,231,284,285,-1,231,285,233,-1,233,285,281,-1,233,281,235,-1,255,286,287,-1,255,287,257,-1,257,287,288,-1,257,288,259,-1,259,288,289,-1,259,289,226,-1,226,289,282,-1,226,282,227,-1,247,290,291,-1,247,291,249,-1,249,291,292,-1,249,292,251,-1,251,292,293,-1,251,293,253,-1,253,293,286,-1,253,286,255,-1,241,278,294,-1,241,294,243,-1,243,294,295,-1,243,295,245,-1,245,295,290,-1,245,290,247,-1,
        ]
    }
}
Shape{
    appearance Appearance {
        material  Material 	{
            diffuseColor 1.0 1.0 1.0
            specularColor 0.5019607843137255 0.5019607843137255 0.5019607843137255
            ambientIntensity 1.0
            transparency 0.0
            shininess 0.5
        }
    }
    geometry IndexedFaceSet {
        ccw TRUE
        solid FALSE
        coord DEF co Coordinate {
            point [
                0.1721 -0.9708 0.2766, 0.1721 -0.9724 0.2458, 0.1782 -0.9708 0.2766, 0.178 -0.9724 0.2458, 0.1894 -0.9722 0.2495, 0.1899 -0.9722 0.25, 0.1834 -0.9724 0.2465, 0.1868 -0.9723 0.2477, 0.1919 -0.972 0.2526, 0.1933 -0.9719 0.2555, 0.194 -0.9717 0.2592, 0.1941 -0.9716 0.2616, 0.1937 -0.9713 0.266, 0.1927 -0.9712 0.2691, 0.1912 -0.9711 0.2714, 0.1898 -0.971 0.2729, 0.1834 -0.9708 0.2761, 0.1869 -0.9709 0.2748
            ]
        }
        coordIndex [
            0,1,2,-1,2,1,3,-1,2,4,5,-1,3,6,2,-1,2,6,7,-1,2,7,4,-1,5,8,2,-1,2,8,9,-1,2,9,10,-1,10,11,2,-1,2,11,12,-1,2,12,13,-1,13,14,2,-1,2,14,15,-1,2,15,16,-1,16,15,17,-1,
        ]
    }
}
Shape{
    appearance Appearance {
        material  Material 	{
            diffuseColor 0.0 0.0 0.0
            specularColor 0.0 0.0 0.0
            ambientIntensity 0.0
            transparency 0.0
            shininess 0.5
        }
    }
    geometry IndexedFaceSet {
        ccw TRUE
        solid FALSE
        coord DEF co Coordinate {
            point [
                0.213 -0.9758 0.2569, 0.2114 -0.976 0.2524, 0.2264 -0.9758 0.2569, 0.228 -0.976 0.2524, 0.219 -0.9749 0.2735, 0.217 -0.9745 0.2814, 0.2018 -0.9766 0.2415, 0.2075 -0.9766 0.2415, 0.2193 -0.9748 0.2747, 0.2196 -0.9747 0.2763, 0.2226 -0.9745 0.2814, 0.2198 -0.9747 0.2763, 0.2201 -0.9748 0.2746, 0.2204 -0.9749 0.2735, 0.2378 -0.9766 0.2415, 0.2321 -0.9766 0.2415, 0.2226 -0.9705 0.2812, 0.2378 -0.9726 0.2413, 0.217 -0.9705 0.2812, 0.2018 -0.9726 0.2413, 0.2075 -0.9726 0.2413, 0.2114 -0.9721 0.2522, 0.228 -0.9721 0.2522, 0.2321 -0.9726 0.2413, 0.213 -0.9718 0.2567, 0.2264 -0.9718 0.2567, 0.2204 -0.971 0.2733, 0.2198 -0.9708 0.2761, 0.2201 -0.9709 0.2744, 0.2196 -0.9708 0.2761, 0.219 -0.971 0.2733, 0.2193 -0.9709 0.2745
            ]
        }
        coordIndex [
            0,1,2,-1,2,1,3,-1,4,5,0,-1,0,5,6,-1,0,6,1,-1,1,6,7,-1,4,8,5,-1,5,8,9,-1,5,9,10,-1,10,9,11,-1,10,11,12,-1,12,13,10,-1,10,13,2,-1,10,2,14,-1,14,2,3,-1,14,3,15,-1,10,14,16,-1,16,14,17,-1,5,10,18,-1,18,10,16,-1,6,5,19,-1,19,5,18,-1,7,6,20,-1,20,6,19,-1,1,7,21,-1,21,7,20,-1,3,1,22,-1,22,1,21,-1,15,3,23,-1,23,3,22,-1,14,15,17,-1,17,15,23,-1,0,2,24,-1,24,2,25,-1,2,13,25,-1,25,13,26,-1,11,27,28,-1,11,28,12,-1,12,28,26,-1,12,26,13,-1,11,9,27,-1,27,9,29,-1,4,30,31,-1,4,31,8,-1,8,31,29,-1,8,29,9,-1,4,0,30,-1,30,0,24,-1,
        ]
    }
}
Shape{
    appearance Appearance {
        material  Material 	{
            diffuseColor 1.0 1.0 1.0
            specularColor 0.5019607843137255 0.5019607843137255 0.5019607843137255
            ambientIntensity 1.0
            transparency 0.0
            shininess 0.5
        }
    }
    geometry IndexedFaceSet {
        ccw TRUE
        solid FALSE
        coord DEF co Coordinate {
            point [
                0.2198 -0.9708 0.2761, 0.2196 -0.9708 0.2761, 0.2201 -0.9709 0.2744, 0.2193 -0.9709 0.2745, 0.2204 -0.971 0.2733, 0.219 -0.971 0.2733, 0.2264 -0.9718 0.2567, 0.213 -0.9718 0.2567
            ]
        }
        coordIndex [
            0,1,2,-1,2,1,3,-1,2,3,4,-1,4,3,5,-1,4,5,6,-1,6,5,7,-1,
        ]
    }
}
Shape{
    appearance Appearance {
        material  Material 	{
            diffuseColor 0.0 0.0 0.0
            specularColor 0.0 0.0 0.0
            ambientIntensity 0.0
            transparency 0.0
            shininess 0.5
        }
    }
    geometry IndexedFaceSet {
        ccw TRUE
        solid FALSE
        coord DEF co Coordinate {
            point [
                -0.1573 -0.973 0.3103, -0.151 -0.9728 0.3137, -0.1525 -0.9719 0.3312, -0.1023 -0.9769 0.2347, -0.099 -0.9766 0.241, -0.0973 -0.9762 0.248, -0.1347 -0.9718 0.332, -0.1259 -0.9729 0.3113, -0.1215 -0.9724 0.3202, -0.1364 -0.9763 0.2472, -0.137 -0.9761 0.2499, -0.1524 -0.9756 0.2609, -0.1527 -0.9765 0.2419, -0.1563 -0.9765 0.243, -0.1586 -0.9754 0.2648, -0.1413 -0.9718 0.3326, -0.0573 -0.9748 0.2749, -0.0661 -0.974 0.2899, -0.0971 -0.9759 0.2538, -0.1043 -0.9751 0.27, -0.0971 -0.9761 0.251, -0.1124 -0.9774 0.2259, -0.1067 -0.9772 0.2298, -0.1353 -0.9764 0.2448, -0.1456 -0.9771 0.2306, -0.1498 -0.9769 0.2358, -0.0479 -0.9733 0.303, -0.0456 -0.9733 0.303, -0.034 -0.9725 0.3184, -0.0402 -0.9734 0.3023, -0.0326 -0.9726 0.3179, -0.0352 -0.9735 0.3004, -0.0241 -0.9728 0.3137, -0.0164 -0.9731 0.3072, -0.1289 -0.9715 0.3388, -0.1152 -0.972 0.3279, -0.1222 -0.9712 0.3445, -0.1075 -0.9718 0.3334, -0.1152 -0.9709 0.3488, -0.144 -0.9727 0.3154, -0.141 -0.9727 0.3155, -0.138 -0.9718 0.3324, -0.1343 -0.9727 0.3147, -0.1279 -0.9729 0.3123, -0.1169 -0.9764 0.2443, -0.1184 -0.9765 0.2425, -0.1206 -0.9766 0.241, -0.1187 -0.9775 0.2234, -0.123 -0.9766 0.24, -0.1256 -0.9776 0.2226, -0.1259 -0.9767 0.2396, -0.1267 -0.9776 0.2226, -0.1264 -0.9767 0.2396, -0.1334 -0.9775 0.2236, -0.1289 -0.9766 0.24, -0.14 -0.9774 0.2264, -0.1315 -0.9766 0.2411, -0.1337 -0.9765 0.2428, -0.1155 -0.9759 0.2547, -0.1149 -0.976 0.252, -0.1149 -0.9762 0.2494, -0.1155 -0.9763 0.2467, -0.0163 -0.9759 0.2541, -0.0296 -0.9753 0.2654, -0.024 -0.9763 0.2476, -0.0338 -0.9755 0.262, -0.0327 -0.9765 0.2433, -0.0388 -0.9756 0.2596, -0.0422 -0.9766 0.2413, -0.0439 -0.9757 0.2587, -0.059 -0.9766 0.2413, -0.0567 -0.9757 0.2587, -0.0606 -0.9766 0.2416, -0.1368 -0.976 0.2527, -0.136 -0.9758 0.2553, -0.1492 -0.9752 0.267, -0.1345 -0.9757 0.2577, -0.1445 -0.9749 0.2724, -0.1334 -0.9757 0.2589, -0.1387 -0.9747 0.2765, -0.1312 -0.9756 0.2605, -0.1324 -0.9746 0.2789, -0.1287 -0.9755 0.2614, -0.1256 -0.9746 0.2797, -0.1259 -0.9755 0.2618, -0.1222 -0.9746 0.2795, -0.1235 -0.9755 0.2615, -0.1153 -0.9747 0.2778, -0.1209 -0.9756 0.2606, -0.1092 -0.9748 0.2746, -0.1186 -0.9757 0.259, -0.1168 -0.9758 0.257, -0.0308 -0.9736 0.2973, -0.0276 -0.9738 0.2937, -0.0106 -0.9736 0.2991, -0.0249 -0.9741 0.2888, -0.0071 -0.974 0.2904, -0.0236 -0.9744 0.2834, -0.0058 -0.9745 0.2811, -0.0234 -0.9745 0.2808, -0.0071 -0.975 0.271, -0.0241 -0.9748 0.2753, -0.0107 -0.9755 0.262, -0.0261 -0.9751 0.2702, -0.0292 -0.9753 0.2658, -0.0493 -0.9714 0.3408, -0.0605 -0.972 0.3278, -0.0399 -0.9719 0.3299, -0.0541 -0.9724 0.3201, -0.0497 -0.9729 0.311, -0.1686 -0.9738 0.294, -0.1873 -0.9741 0.2892, -0.1694 -0.9742 0.2871, -0.1874 -0.9742 0.2865, -0.1691 -0.9744 0.2827, -0.186 -0.9748 0.2754, -0.1671 -0.9748 0.2757, -0.1819 -0.9753 0.2648, -0.1637 -0.9751 0.27, -0.1754 -0.9758 0.2555, -0.1665 -0.9762 0.248, -0.1021 -0.9707 0.3539, -0.0982 -0.9716 0.3372, -0.088 -0.9706 0.3556, -0.0878 -0.9715 0.3385, -0.0758 -0.9707 0.3543, -0.0781 -0.9715 0.3374, -0.0616 -0.9709 0.3491, -0.0692 -0.9717 0.3339, -0.0612 -0.972 0.3284, -0.163 -0.9721 0.3271, -0.1721 -0.9724 0.3207, -0.1622 -0.9732 0.306, -0.174 -0.9725 0.3189, -0.1662 -0.9735 0.3003, -0.1808 -0.973 0.3102, -0.1854 -0.9735 0.2999, -0.0582 -0.9757 0.2589, -0.065 -0.9764 0.2443, -0.0643 -0.9765 0.2436, -0.0573 -0.9757 0.2587, -0.0625 -0.9765 0.2423, -0.0673 -0.9761 0.2501, -0.067 -0.9762 0.248, -0.0662 -0.9763 0.2461, -0.0606 -0.9757 0.2587, -0.0626 -0.9757 0.2579, -0.0672 -0.9761 0.2513, -0.0643 -0.9758 0.2567, -0.0655 -0.9758 0.2554, -0.0666 -0.9759 0.2534, -0.0584 -0.9757 0.2589, -0.0058 -0.9706 0.2809, -0.0071 -0.9701 0.2902, -0.008 -0.9699 0.2926, -0.0106 -0.9696 0.2989, -0.0164 -0.9692 0.307, -0.0241 -0.9689 0.3135, -0.0326 -0.9686 0.3177, -0.034 -0.9686 0.3182, -0.0399 -0.968 0.3297, -0.0493 -0.9674 0.3406, -0.0558 -0.9672 0.345, -0.0616 -0.967 0.3489, -0.0758 -0.9667 0.3541, -0.088 -0.9667 0.3554, -0.1222 -0.9672 0.3443, -0.1211 -0.9672 0.345, -0.1152 -0.967 0.3486, -0.1021 -0.9667 0.3537, -0.1289 -0.9675 0.3386, -0.1347 -0.9679 0.3318, -0.138 -0.9679 0.3322, -0.1413 -0.9679 0.3324, -0.1525 -0.9679 0.331, -0.163 -0.9682 0.3269, -0.1721 -0.9685 0.3205, -0.174 -0.9686 0.3187, -0.1854 -0.9696 0.2997, -0.1808 -0.969 0.31, -0.1867 -0.9699 0.2926, -0.1873 -0.9701 0.289, -0.1874 -0.9703 0.2863, -0.186 -0.9709 0.2752, -0.1819 -0.9714 0.2646, -0.1754 -0.9719 0.2553, -0.1665 -0.9723 0.2478, -0.1563 -0.9726 0.2428, -0.1527 -0.9726 0.2417, -0.1523 -0.9727 0.2409, -0.1498 -0.9729 0.2356, -0.1456 -0.9732 0.2304, -0.14 -0.9734 0.2262, -0.1374 -0.9735 0.2251, -0.1334 -0.9736 0.2234, -0.1267 -0.9736 0.2224, -0.1256 -0.9736 0.2224, -0.0971 -0.9721 0.2508, -0.1187 -0.9736 0.2232, -0.1138 -0.9735 0.2251, -0.1124 -0.9735 0.2256, -0.1067 -0.9733 0.2296, -0.1023 -0.973 0.2345, -0.099 -0.9727 0.2408, -0.0989 -0.9727 0.2409, -0.0973 -0.9723 0.2478, -0.0971 -0.972 0.2536, -0.0573 -0.9709 0.2747, -0.0661 -0.9701 0.2897, -0.1043 -0.9711 0.2698, -0.1092 -0.9709 0.2744, -0.1153 -0.9707 0.2776, -0.1222 -0.9706 0.2793, -0.1256 -0.9706 0.2795, -0.1324 -0.9707 0.2787, -0.1387 -0.9708 0.2762, -0.1445 -0.971 0.2722, -0.1492 -0.9713 0.2668, -0.1524 -0.9716 0.2607, -0.1586 -0.9714 0.2646, -0.1637 -0.9711 0.2698, -0.1671 -0.9708 0.2755, -0.1691 -0.9705 0.2825, -0.1694 -0.9702 0.2869, -0.1687 -0.9699 0.2926, -0.1686 -0.9699 0.2938, -0.1662 -0.9696 0.3001, -0.1622 -0.9693 0.3058, -0.1573 -0.969 0.3101, -0.151 -0.9689 0.3135, -0.144 -0.9688 0.3152, -0.141 -0.9688 0.3153, -0.1343 -0.9688 0.3145, -0.1279 -0.9689 0.3121, -0.1259 -0.969 0.311, -0.1215 -0.9685 0.32, -0.1152 -0.9681 0.3277, -0.1075 -0.9678 0.3332, -0.0982 -0.9676 0.337, -0.0878 -0.9676 0.3383, -0.0781 -0.9676 0.3371, -0.0692 -0.9678 0.3337, -0.0612 -0.9681 0.3282, -0.0605 -0.9681 0.3276, -0.0541 -0.9685 0.3199, -0.0497 -0.969 0.3107, -0.0479 -0.9694 0.3028, -0.0456 -0.9694 0.3028, -0.0402 -0.9694 0.3021, -0.0352 -0.9695 0.3002, -0.0308 -0.9697 0.2971, -0.0276 -0.9699 0.2935, -0.0271 -0.9699 0.2926, -0.0249 -0.9702 0.2886, -0.0236 -0.9704 0.2831, -0.0234 -0.9706 0.2806, -0.0241 -0.9709 0.2751, -0.0261 -0.9711 0.27, -0.0292 -0.9714 0.2656, -0.0296 -0.9714 0.2652, -0.0338 -0.9716 0.2618, -0.0388 -0.9717 0.2594, -0.0439 -0.9717 0.2585, -0.0567 -0.9717 0.2585, -0.0573 -0.9717 0.2585, -0.0582 -0.9717 0.2587, -0.0584 -0.9717 0.2587, -0.0606 -0.9717 0.2585, -0.0626 -0.9718 0.2577, -0.0643 -0.9718 0.2565, -0.0655 -0.9719 0.2552, -0.0666 -0.972 0.2532, -0.0672 -0.9721 0.2511, -0.0673 -0.9722 0.2499, -0.067 -0.9723 0.2478, -0.0662 -0.9724 0.2459, -0.065 -0.9725 0.2441, -0.0643 -0.9725 0.2434, -0.0625 -0.9726 0.2421, -0.0606 -0.9726 0.2414, -0.059 -0.9726 0.2411, -0.0422 -0.9726 0.2411, -0.0327 -0.9725 0.2431, -0.024 -0.9723 0.2474, -0.0163 -0.972 0.2539, -0.0107 -0.9716 0.2618, -0.0071 -0.9711 0.2708, -0.1259 -0.9716 0.2616, -0.1235 -0.9716 0.2613, -0.1209 -0.9716 0.2604, -0.1186 -0.9717 0.2588, -0.1168 -0.9718 0.2568, -0.1155 -0.9719 0.2545, -0.1149 -0.9721 0.2518, -0.1149 -0.9722 0.2492, -0.1155 -0.9724 0.2465, -0.1169 -0.9725 0.2441, -0.1184 -0.9726 0.2423, -0.1206 -0.9727 0.2408, -0.123 -0.9727 0.2398, -0.1259 -0.9727 0.2394, -0.1264 -0.9727 0.2394, -0.1289 -0.9727 0.2398, -0.1315 -0.9727 0.2409, -0.1337 -0.9726 0.2426, -0.1353 -0.9725 0.2446, -0.1364 -0.9723 0.247, -0.137 -0.9722 0.2497, -0.1368 -0.9721 0.2525, -0.136 -0.9719 0.2551, -0.1345 -0.9718 0.2575, -0.1334 -0.9717 0.2587, -0.1312 -0.9716 0.2602, -0.1287 -0.9716 0.2612
            ]
        }
        coordIndex [
            0,1,2,-1,3,4,5,-1,6,7,8,-1,9,10,11,-1,12,11,13,-1,13,11,14,-1,2,1,15,-1,16,17,18,-1,18,17,19,-1,18,19,20,-1,20,19,21,-1,20,21,5,-1,5,21,22,-1,5,22,3,-1,23,9,24,-1,24,9,11,-1,24,11,25,-1,25,11,12,-1,26,27,28,-1,28,27,29,-1,28,29,30,-1,30,29,31,-1,30,31,32,-1,32,31,33,-1,6,8,34,-1,34,8,35,-1,34,35,36,-1,36,35,37,-1,36,37,38,-1,1,39,15,-1,15,39,40,-1,15,40,41,-1,41,40,42,-1,41,42,6,-1,6,42,43,-1,6,43,7,-1,44,45,21,-1,21,45,46,-1,21,46,47,-1,47,46,48,-1,47,48,49,-1,49,48,50,-1,49,50,51,-1,51,50,52,-1,51,52,53,-1,53,52,54,-1,53,54,55,-1,55,54,56,-1,55,56,24,-1,24,56,57,-1,24,57,23,-1,58,59,19,-1,19,59,60,-1,19,60,21,-1,21,60,61,-1,21,61,44,-1,62,63,64,-1,64,63,65,-1,64,65,66,-1,66,65,67,-1,66,67,68,-1,68,67,69,-1,68,69,70,-1,70,69,71,-1,70,71,72,-1,10,73,11,-1,11,73,74,-1,11,74,75,-1,75,74,76,-1,75,76,77,-1,77,76,78,-1,77,78,79,-1,79,78,80,-1,79,80,81,-1,81,80,82,-1,81,82,83,-1,83,82,84,-1,83,84,85,-1,85,84,86,-1,85,86,87,-1,87,86,88,-1,87,88,89,-1,89,88,90,-1,89,90,19,-1,19,90,91,-1,19,91,58,-1,31,92,33,-1,33,92,93,-1,33,93,94,-1,94,93,95,-1,94,95,96,-1,96,95,97,-1,96,97,98,-1,98,97,99,-1,98,99,100,-1,100,99,101,-1,100,101,102,-1,102,101,103,-1,102,103,62,-1,62,103,104,-1,62,104,63,-1,105,106,107,-1,107,106,108,-1,107,108,28,-1,28,108,109,-1,28,109,26,-1,110,111,112,-1,112,111,113,-1,112,113,114,-1,114,113,115,-1,114,115,116,-1,116,115,117,-1,116,117,118,-1,118,117,119,-1,118,119,14,-1,14,119,120,-1,14,120,13,-1,38,37,121,-1,121,37,122,-1,121,122,123,-1,123,122,124,-1,123,124,125,-1,125,124,126,-1,125,126,127,-1,127,126,128,-1,127,128,105,-1,105,128,129,-1,105,129,106,-1,2,130,0,-1,0,130,131,-1,0,131,132,-1,132,131,133,-1,132,133,134,-1,134,133,135,-1,134,135,110,-1,110,135,136,-1,110,136,111,-1,137,138,139,-1,71,140,72,-1,72,140,137,-1,72,137,141,-1,141,137,139,-1,142,143,137,-1,137,143,144,-1,137,144,138,-1,145,146,147,-1,146,148,147,-1,147,148,149,-1,147,149,150,-1,142,137,147,-1,147,137,151,-1,147,151,145,-1,98,152,153,-1,98,153,96,-1,96,153,154,-1,96,154,94,-1,154,155,94,-1,94,155,156,-1,94,156,33,-1,33,156,157,-1,33,157,32,-1,32,157,158,-1,32,158,30,-1,30,158,159,-1,30,159,28,-1,28,159,160,-1,28,160,107,-1,107,160,161,-1,107,161,105,-1,105,161,127,-1,127,161,162,-1,162,163,127,-1,127,163,164,-1,127,164,125,-1,125,164,165,-1,125,165,123,-1,166,36,167,-1,167,36,38,-1,167,38,168,-1,168,38,121,-1,168,121,169,-1,169,121,123,-1,169,123,165,-1,36,166,170,-1,36,170,34,-1,34,170,171,-1,34,171,6,-1,6,171,172,-1,6,172,41,-1,41,172,173,-1,41,173,15,-1,15,173,174,-1,15,174,2,-1,2,174,175,-1,2,175,130,-1,130,175,176,-1,130,176,131,-1,131,176,177,-1,131,177,133,-1,178,135,179,-1,179,135,133,-1,179,133,177,-1,180,111,178,-1,178,111,136,-1,178,136,135,-1,180,181,111,-1,111,181,182,-1,111,182,113,-1,113,182,183,-1,113,183,115,-1,115,183,184,-1,115,184,117,-1,117,184,185,-1,117,185,119,-1,119,185,186,-1,119,186,120,-1,120,186,187,-1,120,187,13,-1,13,187,188,-1,13,188,12,-1,12,188,189,-1,12,189,25,-1,189,190,25,-1,25,190,191,-1,25,191,24,-1,24,191,192,-1,24,192,55,-1,55,192,193,-1,55,193,53,-1,193,194,53,-1,53,194,195,-1,53,195,51,-1,51,195,196,-1,51,196,49,-1,197,20,5,-1,49,196,198,-1,49,198,47,-1,47,198,199,-1,47,199,21,-1,199,200,21,-1,21,200,201,-1,21,201,22,-1,22,201,202,-1,22,202,3,-1,3,202,203,-1,3,203,4,-1,4,203,204,-1,4,204,5,-1,5,204,205,-1,5,205,197,-1,18,20,206,-1,206,20,197,-1,16,18,207,-1,207,18,206,-1,17,16,208,-1,208,16,207,-1,19,17,209,-1,209,17,208,-1,19,209,210,-1,19,210,89,-1,89,210,211,-1,89,211,87,-1,87,211,212,-1,87,212,85,-1,85,212,213,-1,85,213,83,-1,83,213,214,-1,83,214,81,-1,81,214,215,-1,81,215,79,-1,79,215,216,-1,79,216,77,-1,77,216,217,-1,77,217,75,-1,75,217,218,-1,75,218,11,-1,11,218,219,-1,11,219,14,-1,14,219,220,-1,14,220,118,-1,118,220,221,-1,118,221,116,-1,116,221,222,-1,116,222,114,-1,114,222,223,-1,114,223,112,-1,223,224,112,-1,112,224,110,-1,224,225,110,-1,110,225,226,-1,110,226,134,-1,134,226,227,-1,134,227,132,-1,132,227,228,-1,132,228,0,-1,0,228,229,-1,0,229,1,-1,1,229,230,-1,1,230,39,-1,39,230,231,-1,39,231,40,-1,40,231,232,-1,40,232,42,-1,42,232,233,-1,42,233,43,-1,43,233,234,-1,43,234,7,-1,7,234,235,-1,7,235,8,-1,8,235,236,-1,8,236,35,-1,35,236,237,-1,35,237,37,-1,37,237,238,-1,37,238,122,-1,122,238,239,-1,122,239,124,-1,124,239,240,-1,124,240,126,-1,126,240,241,-1,126,241,128,-1,128,241,242,-1,128,242,129,-1,129,242,243,-1,129,243,106,-1,106,243,244,-1,106,244,108,-1,108,244,245,-1,108,245,109,-1,109,245,246,-1,109,246,26,-1,27,26,247,-1,247,26,246,-1,27,247,248,-1,27,248,29,-1,29,248,249,-1,29,249,31,-1,31,249,250,-1,31,250,92,-1,92,250,251,-1,92,251,93,-1,93,251,252,-1,93,252,95,-1,252,253,95,-1,95,253,254,-1,95,254,97,-1,97,254,255,-1,97,255,99,-1,99,255,256,-1,99,256,101,-1,101,256,257,-1,101,257,103,-1,103,257,258,-1,103,258,104,-1,104,258,259,-1,104,259,63,-1,63,259,260,-1,63,260,65,-1,65,260,261,-1,65,261,67,-1,67,261,262,-1,67,262,69,-1,71,69,263,-1,263,69,262,-1,71,263,264,-1,71,264,140,-1,140,264,265,-1,140,265,137,-1,137,265,266,-1,137,266,151,-1,151,266,267,-1,151,267,145,-1,145,267,268,-1,145,268,146,-1,146,268,269,-1,146,269,148,-1,148,269,270,-1,148,270,149,-1,149,270,271,-1,149,271,150,-1,150,271,272,-1,150,272,147,-1,147,272,273,-1,147,273,142,-1,142,273,274,-1,142,274,143,-1,143,274,275,-1,143,275,144,-1,144,275,276,-1,144,276,138,-1,138,276,277,-1,138,277,139,-1,139,277,278,-1,139,278,141,-1,141,278,279,-1,141,279,72,-1,72,279,280,-1,72,280,70,-1,68,70,281,-1,281,70,280,-1,68,281,282,-1,68,282,66,-1,66,282,283,-1,66,283,64,-1,64,283,284,-1,64,284,62,-1,62,284,285,-1,62,285,102,-1,102,285,286,-1,102,286,100,-1,100,286,152,-1,100,152,98,-1,84,287,288,-1,84,288,86,-1,86,288,289,-1,86,289,88,-1,88,289,290,-1,88,290,90,-1,90,290,291,-1,90,291,91,-1,91,291,292,-1,91,292,58,-1,58,292,293,-1,58,293,59,-1,59,293,294,-1,59,294,60,-1,60,294,295,-1,60,295,61,-1,61,295,296,-1,61,296,44,-1,44,296,297,-1,44,297,45,-1,45,297,298,-1,45,298,46,-1,46,298,299,-1,46,299,48,-1,48,299,300,-1,48,300,50,-1,50,300,301,-1,50,301,52,-1,52,301,302,-1,52,302,54,-1,54,302,303,-1,54,303,56,-1,56,303,304,-1,56,304,57,-1,57,304,305,-1,57,305,23,-1,23,305,306,-1,23,306,9,-1,9,306,307,-1,9,307,10,-1,10,307,308,-1,10,308,73,-1,73,308,309,-1,73,309,74,-1,74,309,310,-1,74,310,76,-1,76,310,311,-1,76,311,78,-1,78,311,312,-1,78,312,80,-1,80,312,313,-1,80,313,82,-1,82,313,287,-1,82,287,84,-1,
        ]
    }
}
Shape{
    appearance Appearance {
        material  Material 	{
            diffuseColor 1.0 1.0 1.0
            specularColor 0.5019607843137255 0.5019607843137255 0.5019607843137255
            ambientIntensity 1.0
            transparency 0.0
            shininess 0.5
        }
    }
    geometry IndexedFaceSet {
        ccw TRUE
        solid FALSE
        coord DEF co Coordinate {
            point [
                -0.1264 -0.9727 0.2394, -0.1334 -0.9717 0.2587, -0.1345 -0.9718 0.2575, -0.123 -0.9727 0.2398, -0.1206 -0.9727 0.2408, -0.1235 -0.9716 0.2613, -0.1259 -0.9716 0.2616, -0.1287 -0.9716 0.2612, -0.1312 -0.9716 0.2602, -0.1364 -0.9723 0.247, -0.1353 -0.9725 0.2446, -0.1337 -0.9726 0.2426, -0.1259 -0.9727 0.2394, -0.136 -0.9719 0.2551, -0.1368 -0.9721 0.2525, -0.137 -0.9722 0.2497, -0.1315 -0.9727 0.2409, -0.1289 -0.9727 0.2398, -0.1184 -0.9726 0.2423, -0.1169 -0.9725 0.2441, -0.1155 -0.9724 0.2465, -0.1149 -0.9722 0.2492, -0.1149 -0.9721 0.2518, -0.1155 -0.9719 0.2545, -0.1168 -0.9718 0.2568, -0.1186 -0.9717 0.2588, -0.1209 -0.9716 0.2604
            ]
        }
        coordIndex [
            0,1,2,-1,3,4,5,-1,6,7,0,-1,0,7,8,-1,0,8,1,-1,9,10,2,-1,2,10,11,-1,6,0,5,-1,5,0,12,-1,5,12,3,-1,13,14,2,-1,2,14,15,-1,2,15,9,-1,11,16,2,-1,2,16,17,-1,2,17,0,-1,4,18,5,-1,5,18,19,-1,5,19,20,-1,20,21,5,-1,5,21,22,-1,5,22,23,-1,23,24,5,-1,5,24,25,-1,5,25,26,-1,
        ]
    }
}