#VRML V2.0 utf8
# 3D model generated by easyeda2kicad.py (https://github.com/uPesy/easyeda2kicad.py)

Shape{
    appearance Appearance {
        material  Material 	{
            diffuseColor 0.25098039215686274 0.25098039215686274 0.25098039215686274
            specularColor 0.12549019607843137 0.12549019607843137 0.12549019607843137
            ambientIntensity 0.251
            transparency 0.0
            shininess 0.5
        }
    }
    geometry IndexedFaceSet {
        ccw TRUE
        solid FALSE
        coord DEF co Coordinate {
            point [
                -6.6929 -3.8386 0.0787, -6.6929 -3.5531 0.0787, -4.8491 -3.5531 0.0787, -2.3421 0.9273 0.0787, -2.3421 1.109 0.0787, -0.6399 1.109 0.0787, -2.3421 1.5075 0.0787, -2.3421 2.1526 0.0787, -0.6399 2.1526 0.0787, 0.0178 2.1526 0.0787, 0.0178 3.8386 0.0787, 2.1534 3.8386 0.0787, 5.992 1.1024 0.0787, 5.9869 1.109 0.0787, 6.3583 1.109 0.0787, -5.5828 1.1024 0.0787, -5.5879 1.109 0.0787, -4.8491 1.109 0.0787, -6.6929 1.109 0.0787, -5.992 1.1024 0.0787, -6.0156 1.0454 0.0787, -6.6929 0.9273 0.0787, -6.0236 0.9843 0.0787, -6.0161 0.9273 0.0787, -5.6693 1.1888 0.0787, -5.7263 1.2124 0.0787, -4.8491 1.5075 0.0787, -5.6204 1.1513 0.0787, -5.7874 1.2205 0.0787, -5.8485 1.2124 0.0787, -6.6929 1.5075 0.0787, -5.9055 1.1888 0.0787, -5.9544 1.1513 0.0787, -5.9869 1.109 0.0787, -5.5828 -0.8661 0.0787, -5.6204 -0.8172 0.0787, -4.8491 0.9273 0.0787, -5.6693 -1.1888 0.0787, -5.6204 -1.1513 0.0787, -4.8491 -2.0079 0.0787, -5.5828 -1.1024 0.0787, -5.5592 0.9231 0.0787, -5.5587 0.9273 0.0787, -5.5512 0.9843 0.0787, -5.5592 1.0454 0.0787, -6.0156 -1.0454 0.0787, -5.992 -1.1024 0.0787, -6.6929 -2.0079 0.0787, -5.9544 -1.1513 0.0787, -5.9055 -1.1888 0.0787, -5.5592 -1.0454 0.0787, -5.5512 -0.9843 0.0787, -5.5592 -0.9231 0.0787, -5.9544 -0.8172 0.0787, -5.992 -0.8661 0.0787, -6.0156 -0.9231 0.0787, -6.0236 -0.9843 0.0787, -5.8485 -1.2124 0.0787, -5.7874 -1.2205 0.0787, -5.7263 -1.2124 0.0787, -5.9544 0.8172 0.0787, -5.992 0.8661 0.0787, -6.0156 0.9231 0.0787, -5.9055 0.7797 0.0787, -5.8485 0.7561 0.0787, -5.9055 -0.7797 0.0787, -5.7263 0.7561 0.0787, -5.6693 0.7797 0.0787, -5.6204 0.8172 0.0787, -5.5828 0.8661 0.0787, -5.6693 -0.7797 0.0787, -5.7263 -0.7561 0.0787, -5.7874 0.748 0.0787, -5.7874 -0.748 0.0787, -5.8485 -0.7561 0.0787, 4.8731 1.109 0.0787, 5.5828 1.1024 0.0787, 5.5592 1.0454 0.0787, 4.8731 0.9273 0.0787, 5.5512 0.9843 0.0787, 5.5587 0.9273 0.0787, 5.9055 1.1888 0.0787, 5.8485 1.2124 0.0787, 6.3583 1.5075 0.0787, 5.9544 1.1513 0.0787, 5.7874 1.2205 0.0787, 5.7263 1.2124 0.0787, 4.8731 1.5075 0.0787, 5.6693 1.1888 0.0787, 5.6204 1.1513 0.0787, 5.5879 1.109 0.0787, 5.992 -0.8661 0.0787, 5.9544 -0.8172 0.0787, 6.3583 0.9273 0.0787, 6.0156 0.9231 0.0787, 6.0161 0.9273 0.0787, 6.0236 0.9843 0.0787, 6.0156 1.0454 0.0787, 5.6204 -1.1513 0.0787, 4.8731 -2.0079 0.0787, 5.5828 -1.1024 0.0787, 5.5592 -1.0454 0.0787, 5.8485 -1.2124 0.0787, 5.9055 -1.1888 0.0787, 6.3583 -2.0079 0.0787, 5.9544 -1.1513 0.0787, 5.992 -1.1024 0.0787, 6.0156 -1.0454 0.0787, 6.0236 -0.9843 0.0787, 6.0156 -0.9231 0.0787, 5.6204 -0.8172 0.0787, 5.5828 -0.8661 0.0787, 5.5592 -0.9231 0.0787, 5.5512 -0.9843 0.0787, 5.6693 -1.1888 0.0787, 5.7263 -1.2124 0.0787, 5.7874 -1.2205 0.0787, 5.6204 0.8172 0.0787, 5.5828 0.8661 0.0787, 5.5592 0.9231 0.0787, 5.6693 0.7797 0.0787, 5.7263 0.7561 0.0787, 5.6693 -0.7797 0.0787, 5.8485 0.7561 0.0787, 5.9055 0.7797 0.0787, 5.9544 0.8172 0.0787, 5.992 0.8661 0.0787, 5.9055 -0.7797 0.0787, 5.8485 -0.7561 0.0787, 5.7874 0.748 0.0787, 5.7874 -0.748 0.0787, 5.7263 -0.7561 0.0787, 0.1484 1.4667 0.0787, 0.1872 1.4624 0.0787, 0.0633 1.1711 0.0787, 0.0562 1.175 0.0787, 0.0562 1.1318 0.0787, 0.0178 1.109 0.0787, 0.0982 1.1146 0.0787, 0.138 1.109 0.0787, 0.1006 1.4605 0.0787, 0.0562 1.4415 0.0787, 0.0178 1.5075 0.0787, 0.0562 1.4943 0.0787, 0.2167 1.4517 0.0787, 0.2439 1.4335 0.0787, 0.2677 1.4073 0.0787, 0.2963 1.3041 0.0787, 0.2923 1.2615 0.0787, 0.2816 1.2276 0.0787, 0.194 1.154 0.0787, 0.1573 1.1498 0.0787, 0.2227 1.1645 0.0787, 0.2469 1.1808 0.0787, 0.2653 1.2003 0.0787, 0.105 1.1556 0.0787, 0.2839 1.3769 0.0787, 0.2944 1.3347 0.0787, 2.1534 1.5075 0.0787, 0.1783 1.5075 0.0787, 2.1534 2.1526 0.0787, 0.1489 1.5099 0.0787, 0.1141 1.5075 0.0787, 0.1018 1.5067 0.0787, 0.5844 1.1114 0.0787, 0.1877 1.109 0.0787, 0.3827 1.1114 0.0787, 0.2131 1.1117 0.0787, 0.2512 1.1248 0.0787, 0.3283 1.4014 0.0787, 0.3053 1.4382 0.0787, 0.5316 1.5051 0.0787, 0.2697 1.4724 0.0787, 0.2323 1.494 0.0787, 0.2829 1.145 0.0787, 0.3125 1.1761 0.0787, 0.3827 1.1546 0.0787, 0.3335 1.2136 0.0787, 0.5316 1.1546 0.0787, 0.3453 1.2553 0.0787, 0.3491 1.3009 0.0787, 0.3434 1.3568 0.0787, 0.1538 1.1068 0.0787, 0.1646 1.1066 0.0787, 0.0178 0.9273 0.0787, 0.1884 1.5067 0.0787, 0.5844 1.5051 0.0787, 2.1534 1.109 0.0787, 2.1534 0.9273 0.0787, -5.5828 2.9134 0.0787, -5.5592 2.9704 0.0787, -4.8491 2.1526 0.0787, -5.6204 3.1985 0.0787, -4.8491 3.8386 0.0787, -5.5828 3.1496 0.0787, -5.5592 3.0926 0.0787, -5.992 3.1496 0.0787, -6.0156 3.0926 0.0787, -6.6929 3.8386 0.0787, -6.0236 3.0315 0.0787, -6.6929 2.1526 0.0787, -6.0156 2.9704 0.0787, -5.992 2.9134 0.0787, -5.5512 3.0315 0.0787, -5.9544 2.8645 0.0787, -5.9055 2.8269 0.0787, -5.8485 2.8033 0.0787, -5.7874 2.7953 0.0787, -5.7263 2.8033 0.0787, -5.6693 2.8269 0.0787, -5.6204 2.8645 0.0787, -5.6693 3.2361 0.0787, -5.7263 3.2597 0.0787, -5.7874 3.2677 0.0787, -5.8485 3.2597 0.0787, -5.9055 3.2361 0.0787, -5.9544 3.1985 0.0787, -3.7062 2.9134 0.0787, -3.6826 2.9704 0.0787, -3.7062 3.1496 0.0787, -3.7437 3.1985 0.0787, -2.3421 3.8386 0.0787, -4.1153 3.1496 0.0787, -4.1389 3.0926 0.0787, -4.147 3.0315 0.0787, -4.1389 2.9704 0.0787, -4.1153 2.9134 0.0787, -3.6745 3.0315 0.0787, -3.6826 3.0926 0.0787, -4.0778 2.8645 0.0787, -4.0289 2.8269 0.0787, -3.9719 2.8033 0.0787, -3.9108 2.7953 0.0787, -3.8496 2.8033 0.0787, -3.7926 2.8269 0.0787, -3.7437 2.8645 0.0787, -3.7926 3.2361 0.0787, -3.8496 3.2597 0.0787, -3.9108 3.2677 0.0787, -3.9719 3.2597 0.0787, -4.0289 3.2361 0.0787, -4.0778 3.1985 0.0787, -0.6399 3.8386 0.0787, 3.7225 3.0315 0.0787, 3.7306 2.9704 0.0787, 4.1633 2.9134 0.0787, 4.1869 2.9704 0.0787, 4.8731 2.1526 0.0787, 4.1949 3.0315 0.0787, 4.1869 3.0926 0.0787, 4.8731 3.8386 0.0787, 3.8406 3.2361 0.0787, 3.7917 3.1985 0.0787, 3.7541 2.9134 0.0787, 3.7917 2.8645 0.0787, 3.8406 2.8269 0.0787, 3.8976 2.8033 0.0787, 3.9587 2.7953 0.0787, 4.0199 2.8033 0.0787, 3.7541 3.1496 0.0787, 3.7306 3.0926 0.0787, 4.0768 2.8269 0.0787, 4.1258 2.8645 0.0787, 4.1633 3.1496 0.0787, 4.1258 3.1985 0.0787, 4.0768 3.2361 0.0787, 4.0199 3.2597 0.0787, 3.9587 3.2677 0.0787, 3.8976 3.2597 0.0787, 5.5512 3.0315 0.0787, 5.5592 2.9704 0.0787, 5.6693 3.2361 0.0787, 5.6204 3.1985 0.0787, 5.5828 2.9134 0.0787, 5.6204 2.8645 0.0787, 5.6693 2.8269 0.0787, 5.7263 2.8033 0.0787, 5.7874 2.7953 0.0787, 6.3583 2.1526 0.0787, 5.8485 2.8033 0.0787, 5.992 2.9134 0.0787, 6.0156 2.9704 0.0787, 6.0236 3.0315 0.0787, 6.3583 3.8386 0.0787, 6.0156 3.0926 0.0787, 5.5828 3.1496 0.0787, 5.5592 3.0926 0.0787, 5.9055 2.8269 0.0787, 5.9544 2.8645 0.0787, 5.992 3.1496 0.0787, 5.9544 3.1985 0.0787, 5.9055 3.2361 0.0787, 5.8485 3.2597 0.0787, 5.7874 3.2677 0.0787, 5.7263 3.2597 0.0787, -0.952 1.1114 0.0787, -1.0096 1.1114 0.0787, -0.856 1.5051 0.0787, -0.6399 1.5075 0.0787, -0.9122 1.2219 0.0787, -0.7495 1.2219 0.0787, -0.712 1.1114 0.0787, -0.6543 1.1114 0.0787, -0.8032 1.5051 0.0787, -0.3087 1.5051 0.0787, -0.2702 1.5075 0.0787, -0.3087 1.1114 0.0787, -0.2702 1.109 0.0787, -0.4157 1.1114 0.0787, -0.5509 1.1531 0.0787, -0.5833 1.1841 0.0787, -0.6059 1.2193 0.0787, -0.4198 1.5051 0.0787, -0.4766 1.4991 0.0787, -0.5227 1.4829 0.0787, -0.5656 1.4542 0.0787, -0.5098 1.1292 0.0787, -0.4644 1.1157 0.0787, -0.2702 3.8386 0.0787, -0.2702 2.1526 0.0787, -0.566 1.4538 0.0787, -0.5938 1.4229 0.0787, -0.6121 1.3891 0.0787, -0.6227 1.3503 0.0787, -0.6255 1.3132 0.0787, -0.62 1.2605 0.0787, -0.0206 1.1114 0.0787, -0.0206 1.5051 0.0787, -0.2222 1.5051 0.0787, -0.2222 1.4619 0.0787, -0.2318 1.1546 0.0787, -0.2318 1.1114 0.0787, -0.0734 1.2891 0.0787, -0.0734 1.1546 0.0787, -0.2126 1.2891 0.0787, -0.2126 1.3323 0.0787, -0.0734 1.3323 0.0787, -0.0734 1.4619 0.0787, -0.6399 0.9273 0.0787, -0.2702 0.9273 0.0787, -2.3421 -2.0079 0.0787, -0.6399 -2.0079 0.0787, -0.2702 -2.0079 0.0787, 0.0178 -2.0079 0.0787, 2.1534 -2.0079 0.0787, -5.5828 -2.9134 0.0787, -5.6204 -2.8645 0.0787, -5.6693 -3.2361 0.0787, -5.6204 -3.1985 0.0787, -5.5828 -3.1496 0.0787, -6.0156 -3.0926 0.0787, -5.992 -3.1496 0.0787, -5.9544 -3.1985 0.0787, -5.9055 -3.2361 0.0787, -5.5592 -3.0926 0.0787, -5.5512 -3.0315 0.0787, -5.5592 -2.9704 0.0787, -5.9544 -2.8645 0.0787, -5.9055 -2.8269 0.0787, -5.8485 -2.8033 0.0787, -5.8485 -3.2597 0.0787, -5.7874 -3.2677 0.0787, -5.7263 -3.2597 0.0787, -5.6693 -2.8269 0.0787, -5.7263 -2.8033 0.0787, -5.7874 -2.7953 0.0787, -5.992 -2.9134 0.0787, -6.0156 -2.9704 0.0787, -6.0236 -3.0315 0.0787, -3.7926 -3.2361 0.0787, -3.7437 -3.1985 0.0787, -2.3421 -3.5531 0.0787, -3.7062 -3.1496 0.0787, -3.6826 -3.0926 0.0787, -3.6745 -3.0315 0.0787, -3.6826 -2.9704 0.0787, -3.7062 -2.9134 0.0787, -4.1389 -3.0926 0.0787, -4.1153 -3.1496 0.0787, -4.0778 -3.1985 0.0787, -4.0289 -3.2361 0.0787, -3.7437 -2.8645 0.0787, -3.7926 -2.8269 0.0787, -3.8496 -2.8033 0.0787, -3.9108 -2.7953 0.0787, -3.9719 -2.8033 0.0787, -4.0289 -2.8269 0.0787, -4.0778 -2.8645 0.0787, -3.9719 -3.2597 0.0787, -3.9108 -3.2677 0.0787, -3.8496 -3.2597 0.0787, -4.1153 -2.9134 0.0787, -4.1389 -2.9704 0.0787, -4.147 -3.0315 0.0787, 2.1534 -3.5531 0.0787, 3.7225 -3.0315 0.0787, 3.7306 -3.0926 0.0787, 4.0768 -3.2361 0.0787, 4.1258 -3.1985 0.0787, 4.8731 -3.5531 0.0787, 4.1633 -3.1496 0.0787, 3.7541 -3.1496 0.0787, 3.7917 -3.1985 0.0787, 3.8406 -3.2361 0.0787, 4.1869 -3.0926 0.0787, 4.1949 -3.0315 0.0787, 4.1869 -2.9704 0.0787, 4.1633 -2.9134 0.0787, 4.1258 -2.8645 0.0787, 4.0768 -2.8269 0.0787, 4.0199 -2.8033 0.0787, 3.9587 -2.7953 0.0787, 3.8976 -2.8033 0.0787, 3.8406 -2.8269 0.0787, 3.8976 -3.2597 0.0787, 3.9587 -3.2677 0.0787, 4.0199 -3.2597 0.0787, 3.7917 -2.8645 0.0787, 3.7541 -2.9134 0.0787, 3.7306 -2.9704 0.0787, -0.6399 -3.5531 0.0787, -0.2702 -3.5531 0.0787, 0.0178 -3.5531 0.0787, 5.6693 -2.8269 0.0787, 5.6204 -2.8645 0.0787, 5.6204 -3.1985 0.0787, 5.5828 -3.1496 0.0787, 5.5592 -3.0926 0.0787, 5.8485 -3.2597 0.0787, 5.9055 -3.2361 0.0787, 6.3583 -3.5531 0.0787, 5.9544 -3.1985 0.0787, 5.992 -3.1496 0.0787, 6.0156 -2.9704 0.0787, 6.0236 -3.0315 0.0787, 6.0156 -3.0926 0.0787, 5.992 -2.9134 0.0787, 5.9544 -2.8645 0.0787, 5.9055 -2.8269 0.0787, 5.6693 -3.2361 0.0787, 5.7263 -3.2597 0.0787, 5.7874 -3.2677 0.0787, 5.8485 -2.8033 0.0787, 5.7874 -2.7953 0.0787, 5.7263 -2.8033 0.0787, 5.5828 -2.9134 0.0787, 5.5592 -2.9704 0.0787, 5.5512 -3.0315 0.0787, 6.6929 3.8386 0.0787, 6.6929 2.1526 0.0787, 6.6929 1.5075 0.0787, 6.6929 1.109 0.0787, 6.6929 0.9273 0.0787, 6.6929 -2.0079 0.0787, 6.6929 -3.5531 0.0787, -4.8491 -3.8386 0.0787, -2.3421 -3.8386 0.0787, -0.6399 -3.8386 0.0787, -0.2702 -3.8386 0.0787, 0.0178 -3.8386 0.0787, 2.1534 -3.8386 0.0787, 4.8731 -3.8386 0.0787, 6.3583 -3.8386 0.0787, 6.6929 -3.8386 0.0787, 6.7606 -3.9606 8.8583, 6.7606 -3.6781 8.8583, 2.0693 -3.6781 8.8583, 6.7606 -1.3876 8.8583, 2.0693 -1.3876 8.8583, 0.3793 0.6283 8.8583, 0.3884 0.5665 8.8583, 0.4609 0.5665 8.8583, -1.0899 0.4471 8.8583, -0.9888 0.5665 8.8583, -1.1091 0.5665 8.8583, -0.677 0.7874 8.8583, -0.8735 0.5665 8.8583, -0.6194 0.5665 8.8583, -1.8437 0.1344 8.8583, -1.8437 0.5665 8.8583, -1.9445 0.5665 8.8583, -2.0501 0.7874 8.8583, -1.9445 0.7874 8.8583, -1.8437 3.9606 8.8583, -2.4438 0.4417 8.8583, -2.0501 0.4417 8.8583, -2.4438 0.5665 8.8583, -2.0501 0.5665 8.8583, -2.4438 0.7874 8.8583, -2.5495 0.7874 8.8583, -3.7915 3.9606 8.8583, -2.5495 0.5665 8.8583, -3.7915 0.5665 8.8583, -2.5495 0.1344 8.8583, -3.7915 0.1344 8.8583, -2.5495 0.0 8.8583, -3.7915 -1.3876 8.8583, -2.4438 -0.0 8.8583, -1.8437 -1.3876 8.8583, -2.0501 0.3553 8.8583, -2.4438 0.3553 8.8583, -2.0501 0.1344 8.8583, -2.4438 0.1344 8.8583, -2.0501 0.0 8.8583, -1.9445 -0.0 8.8583, -1.9445 0.1344 8.8583, -1.2771 0.1344 8.8583, -1.3395 0.0864 8.8583, -1.3395 -0.0 8.8583, -1.6372 0.5665 8.8583, -1.6372 0.1344 8.8583, -1.6372 0.0864 8.8583, -1.7428 0.5665 8.8583, -1.7428 0.7874 8.8583, -1.6372 0.7874 8.8583, -1.2771 3.9606 8.8583, -0.8018 0.7874 8.8583, -0.6194 3.9606 8.8583, -1.2771 0.5665 8.8583, -1.2147 0.5665 8.8583, -1.2147 0.7874 8.8583, -1.1091 0.7874 8.8583, -1.1091 0.4183 8.8583, -1.107 0.4183 8.8583, -1.0989 0.433 8.8583, -1.2147 0.1344 8.8583, -0.6194 0.1344 8.8583, -0.7743 0.1344 8.8583, -0.6578 -0.0 8.8583, -0.6194 -1.3876 8.8583, -0.7922 0.0 8.8583, -1.1091 -0.0 8.8583, -1.2147 0.0 8.8583, -1.2771 -1.3876 8.8583, -1.7428 0.1344 8.8583, -1.7428 0.0 8.8583, -0.9045 0.1344 8.8583, -1.1091 0.1344 8.8583, -1.107 0.3859 8.8583, -1.1091 0.3859 8.8583, -1.099 0.3709 8.8583, -1.0899 0.3565 8.8583, 0.4609 0.1344 8.8583, 0.3813 0.4854 8.8583, 0.3627 0.4347 8.8583, 0.3306 0.3877 8.8583, 0.2836 0.346 8.8583, 0.3886 0.5656 8.8583, 0.3889 0.5517 8.8583, 0.2257 0.3157 8.8583, 0.1631 0.3003 8.8583, 0.0048 0.1344 8.8583, 0.1053 0.2977 8.8583, 0.0048 0.2977 8.8583, 0.1986 0.781 8.8583, 0.2586 0.7634 8.8583, 0.4609 3.9606 8.8583, 0.3049 0.7374 8.8583, 0.3336 0.712 8.8583, 0.362 0.6725 8.8583, -0.192 0.1344 8.8583, -0.1008 0.1344 8.8583, -0.192 0.5665 8.8583, -0.1008 0.5665 8.8583, -0.1008 0.7874 8.8583, 0.4609 -1.3876 8.8583, 0.0048 -0.0 8.8583, -0.192 -1.3876 8.8583, -0.1008 0.0 8.8583, 1.4164 0.1344 8.8583, 1.3395 0.1344 8.8583, 1.3395 0.0 8.8583, 0.965 0.0 8.8583, 0.9074 0.0 8.8583, 0.6674 0.7874 8.8583, 1.4164 3.9606 8.8583, 0.5329 0.7874 8.8583, 1.3395 0.5665 8.8583, 1.4164 0.5665 8.8583, 1.3395 0.7874 8.8583, 1.2147 0.7874 8.8583, 0.7631 0.5665 8.8583, 0.9355 0.1536 8.8583, 0.9391 0.1536 8.8583, 0.9197 0.2023 8.8583, 0.9574 0.2029 8.8583, 0.9004 0.2498 8.8583, 0.9764 0.2519 8.8583, 1.1164 0.5665 8.8583, 0.6284 0.6014 8.8583, 0.6286 0.5665 8.8583, 0.6652 0.5665 8.8583, 0.629 0.5209 8.8583, 0.85 0.1344 8.8583, 0.629 0.1344 8.8583, 0.629 0.0 8.8583, 0.5329 0.0 8.8583, 0.5329 0.1344 8.8583, 0.5329 0.5665 8.8583, 0.629 0.6818 8.8583, 0.626 0.6818 8.8583, 0.6389 0.6391 8.8583, 0.6521 0.5973 8.8583, 1.2458 0.6038 8.8583, 1.2512 0.6818 8.8583, 1.2486 0.6818 8.8583, 1.2435 0.1344 8.8583, 1.2435 0.5256 8.8583, 1.21 0.5665 8.8583, 1.2447 0.5665 8.8583, 1.2252 0.6018 8.8583, 1.2385 0.6413 8.8583, 1.8958 0.043 8.8583, 1.852 0.0139 8.8583, 1.6428 0.0127 8.8583, 1.6033 0.0389 8.8583, 1.4164 -1.3876 8.8583, 1.5645 0.0814 8.8583, 2.0693 0.1344 8.8583, 1.9622 0.1344 8.8583, 1.9345 0.0852 8.8583, 1.0232 0.1344 8.8583, 1.2435 0.0 8.8583, 1.5358 0.1344 8.8583, 1.8027 -0.0034 8.8583, 1.7443 -0.0096 8.8583, 1.6883 -0.0035 8.8583, 2.0117 0.397 8.8583, 1.9999 0.2509 8.8583, 1.9706 0.1493 8.8583, 2.0693 0.5665 8.8583, 1.996 0.5665 8.8583, 1.9997 0.5536 8.8583, 1.8194 0.791 8.8583, 1.8658 0.7748 8.8583, 2.0693 3.9606 8.8583, 1.6113 0.7467 8.8583, 1.6478 0.771 8.8583, 1.6957 0.7892 8.8583, 1.7621 0.797 8.8583, 1.9067 0.7476 8.8583, 1.9384 0.7132 8.8583, 1.9714 0.6539 8.8583, 1.5057 0.5359 8.8583, 1.515 0.5665 8.8583, 1.541 0.6527 8.8583, 1.5743 0.7082 8.8583, 1.5301 0.145 8.8583, 1.5023 0.25 8.8583, 1.4932 0.3784 8.8583, 2.5632 0.119 8.8583, 2.569 0.1344 8.8583, 6.7606 0.1344 8.8583, 2.5807 0.165 8.8583, 2.4366 0.0117 8.8583, 2.4899 0.0391 8.8583, 2.5339 0.077 8.8583, 2.3611 -0.0065 8.8583, 2.3076 -0.0096 8.8583, 2.2144 -0.0011 8.8583, 2.5379 0.3516 8.8583, 2.5625 0.3204 8.8583, 6.7606 0.5665 8.8583, 2.5797 0.2826 8.8583, 2.5873 0.2416 8.8583, 2.5879 0.2258 8.8583, 2.3982 0.4146 8.8583, 2.3982 0.4126 8.8583, 2.4156 0.4197 8.8583, 2.4563 0.4007 8.8583, 2.4728 0.4458 8.8583, 2.5005 0.3808 8.8583, 2.5064 0.4718 8.8583, 2.5194 0.486 8.8583, 2.4513 0.5665 8.8583, 2.4533 0.5826 8.8583, 2.4534 0.586 8.8583, 2.4899 0.7516 8.8583, 2.5216 0.7211 8.8583, 6.7606 3.9606 8.8583, 2.542 0.6892 8.8583, 2.5549 0.6521 8.8583, 2.5591 0.6105 8.8583, 2.5547 0.5665 8.8583, 2.5541 0.5605 8.8583, 2.5405 0.5198 8.8583, 2.4026 0.6902 8.8583, 2.4506 0.6185 8.8583, 2.4167 0.6802 8.8583, 2.4431 0.6438 8.8583, 2.4321 0.6636 8.8583, 2.3748 0.7022 8.8583, 2.3292 0.71 8.8583, 2.3101 0.7106 8.8583, 2.2549 0.7035 8.8583, 2.1995 0.6809 8.8583, 2.1558 0.6506 8.8583, 2.1558 0.737 8.8583, 2.2166 0.7732 8.8583, 2.2813 0.7924 8.8583, 2.3362 0.797 8.8583, 2.3997 0.791 8.8583, 2.4504 0.7751 8.8583, 2.1269 0.1368 8.8583, 2.1467 0.0207 8.8583, 2.1269 0.0312 8.8583, 2.1269 0.1344 8.8583, 2.4009 0.3437 8.8583, 2.3435 0.3595 8.8583, 2.1311 0.1344 8.8583, 2.269 0.3649 8.8583, 2.2038 0.3649 8.8583, 2.4692 0.1582 8.8583, 2.4792 0.1883 8.8583, 2.2038 0.4513 8.8583, 2.2657 0.4513 8.8583, 2.3303 0.4562 8.8583, 2.3745 0.468 8.8583, 2.4822 0.2197 8.8583, 2.4786 0.2552 8.8583, 2.4694 0.2821 8.8583, 2.4061 0.4848 8.8583, 2.4256 0.5023 8.8583, 2.4394 0.5224 8.8583, 2.4487 0.5469 8.8583, 2.4542 0.3058 8.8583, 2.4333 0.3255 8.8583, 2.4533 0.1344 8.8583, 2.1916 0.0995 8.8583, 2.2586 0.0806 8.8583, 2.3593 0.0814 8.8583, 2.3994 0.0937 8.8583, 2.4281 0.1102 8.8583, 2.3076 0.0768 8.8583, 2.4511 0.1311 8.8583, -0.192 3.9606 8.8583, 0.1218 0.7874 8.8583, -1.0131 0.4098 8.8583, -0.5809 0.3457 8.8583, -0.2833 0.3457 8.8583, -0.2833 0.2689 8.8583, -0.5809 0.2689 8.8583, -3.7915 -3.6781 8.8583, -5.0335 -3.0806 8.8583, -5.0442 -3.1621 8.8583, -5.5711 -3.3033 8.8583, -5.6212 -3.2381 8.8583, -6.212 -3.6781 8.8583, -5.0757 -3.2381 8.8583, -5.1257 -3.3033 8.8583, -5.191 -3.3533 8.8583, -5.5059 -3.3533 8.8583, -5.0757 -2.9231 8.8583, -5.0442 -2.9991 8.8583, -5.2669 -3.3848 8.8583, -5.3484 -3.3955 8.8583, -5.43 -3.3848 8.8583, 1.4164 -3.6781 8.8583, 0.4609 -3.6781 8.8583, -0.192 -3.6781 8.8583, -0.6194 -3.6781 8.8583, -1.2771 -3.6781 8.8583, -1.8437 -3.6781 8.8583, -5.6212 -2.9231 8.8583, -5.5711 -2.8579 8.8583, -6.212 -1.3876 8.8583, -5.5059 -2.8078 8.8583, -5.43 -2.7763 8.8583, -5.3484 -2.7656 8.8583, -5.2669 -2.7763 8.8583, -5.6527 -3.1621 8.8583, -5.6634 -3.0806 8.8583, -5.6527 -2.9991 8.8583, -5.191 -2.8078 8.8583, -5.1257 -2.8579 8.8583, -6.212 0.1344 8.8583, -6.212 0.5665 8.8583, -6.212 3.9606 8.8583, -6.7606 3.9606 8.8583, -6.7606 0.5665 8.8583, -6.7606 0.1344 8.8583, -6.7606 -1.3876 8.8583, -6.7606 -3.6781 8.8583, 2.0693 -3.9606 8.8583, 1.4164 -3.9606 8.8583, 0.4609 -3.9606 8.8583, -0.192 -3.9606 8.8583, -0.6194 -3.9606 8.8583, -1.2771 -3.9606 8.8583, -1.8437 -3.9606 8.8583, -3.7915 -3.9606 8.8583, -6.212 -3.9606 8.8583, -6.7606 -3.9606 8.8583, -6.8 3.9606 0.0394, -6.8 -3.9606 0.0394, -6.8 3.9606 8.8189, -6.8 -3.9606 8.8189, 6.7606 -4.0 0.0394, 6.7606 -4.0 8.8189, -6.7606 -4.0 0.0394, -6.7606 -4.0 8.8189, 6.8 3.9606 0.0394, 6.8 3.9606 8.8189, 6.8 -3.9606 0.0394, 6.8 -3.9606 8.8189, 6.7606 4.0 0.0394, -6.7606 4.0 0.0394, 6.7606 4.0 8.8189, -6.7606 4.0 8.8189, 6.6929 3.8386 0.0, 6.7606 3.9606 0.0, 6.6929 -3.8386 0.0, 6.7606 -3.9606 0.0, -6.6929 -3.8386 0.0, -6.7606 -3.9606 0.0, -6.6929 3.8386 0.0, -6.7606 3.9606 0.0, 6.6929 0.0 0.0787, 6.6929 2.0079 0.0787, 0.024 3.8386 0.0787, -6.6929 2.0079 0.0787, -6.6929 0.0 0.0787, 0.024 -3.8386 0.0787
            ]
        }
        coordIndex [
            0,1,2,-1,3,4,5,-1,6,7,8,-1,9,10,11,-1,12,13,14,-1,15,16,17,-1,18,19,20,-1,18,20,21,-1,21,20,22,-1,21,22,23,-1,24,25,26,-1,17,16,26,-1,26,16,27,-1,26,27,24,-1,28,29,30,-1,29,31,30,-1,30,31,32,-1,30,32,18,-1,18,32,33,-1,18,33,19,-1,34,35,36,-1,37,38,39,-1,39,38,40,-1,41,42,36,-1,36,42,43,-1,36,43,17,-1,17,43,44,-1,17,44,15,-1,45,46,47,-1,47,46,48,-1,47,48,49,-1,40,50,39,-1,39,50,51,-1,39,51,36,-1,36,51,52,-1,36,52,34,-1,53,54,21,-1,21,54,55,-1,21,55,47,-1,47,55,56,-1,47,56,45,-1,49,57,47,-1,47,57,58,-1,47,58,39,-1,39,58,59,-1,39,59,37,-1,60,53,61,-1,61,53,21,-1,61,21,62,-1,62,21,23,-1,60,63,53,-1,53,63,64,-1,53,64,65,-1,66,67,35,-1,35,67,68,-1,35,68,36,-1,36,68,69,-1,36,69,41,-1,35,70,66,-1,66,70,71,-1,66,71,72,-1,72,71,73,-1,72,73,64,-1,64,73,74,-1,64,74,65,-1,75,76,77,-1,75,77,78,-1,78,77,79,-1,78,79,80,-1,81,82,83,-1,14,13,83,-1,83,13,84,-1,83,84,81,-1,85,86,87,-1,86,88,87,-1,87,88,89,-1,87,89,75,-1,75,89,90,-1,75,90,76,-1,91,92,93,-1,94,95,93,-1,93,95,96,-1,93,96,14,-1,14,96,97,-1,14,97,12,-1,98,99,100,-1,100,99,101,-1,102,103,104,-1,104,103,105,-1,104,105,106,-1,106,107,104,-1,104,107,108,-1,104,108,93,-1,93,108,109,-1,93,109,91,-1,110,111,78,-1,78,111,112,-1,78,112,99,-1,99,112,113,-1,99,113,101,-1,98,114,99,-1,99,114,115,-1,99,115,104,-1,104,115,116,-1,104,116,102,-1,117,110,118,-1,118,110,78,-1,118,78,119,-1,119,78,80,-1,117,120,110,-1,110,120,121,-1,110,121,122,-1,123,124,92,-1,92,124,125,-1,92,125,93,-1,93,125,126,-1,93,126,94,-1,92,127,123,-1,123,127,128,-1,123,128,129,-1,129,128,130,-1,129,130,121,-1,121,130,131,-1,121,131,122,-1,132,133,134,-1,135,136,137,-1,137,136,138,-1,137,138,139,-1,132,134,140,-1,140,134,135,-1,140,135,141,-1,141,135,142,-1,141,142,143,-1,133,144,134,-1,134,144,145,-1,134,145,146,-1,147,148,134,-1,134,148,149,-1,150,151,152,-1,152,151,153,-1,149,154,134,-1,134,154,153,-1,134,153,155,-1,155,153,151,-1,146,156,134,-1,134,156,157,-1,134,157,147,-1,158,159,160,-1,160,159,9,-1,159,161,9,-1,9,161,162,-1,9,162,142,-1,142,162,163,-1,142,163,143,-1,164,165,166,-1,166,165,167,-1,166,167,168,-1,169,170,171,-1,171,170,172,-1,171,172,173,-1,168,174,166,-1,166,174,175,-1,166,175,176,-1,176,175,177,-1,176,177,178,-1,177,179,178,-1,178,179,180,-1,178,180,171,-1,171,180,181,-1,171,181,169,-1,182,183,184,-1,184,183,165,-1,173,185,171,-1,171,185,159,-1,171,159,186,-1,186,159,158,-1,186,158,164,-1,164,158,187,-1,164,187,165,-1,165,187,188,-1,165,188,184,-1,189,190,191,-1,192,193,194,-1,194,193,195,-1,196,197,198,-1,198,197,199,-1,198,199,200,-1,200,199,201,-1,200,201,202,-1,191,190,193,-1,193,190,203,-1,193,203,195,-1,202,204,200,-1,200,204,205,-1,200,205,206,-1,207,208,191,-1,208,209,191,-1,191,209,210,-1,191,210,189,-1,192,211,193,-1,193,211,212,-1,193,212,198,-1,198,212,213,-1,198,213,214,-1,214,215,198,-1,198,215,216,-1,198,216,196,-1,217,218,7,-1,219,220,221,-1,222,223,193,-1,193,223,224,-1,193,224,191,-1,191,224,225,-1,191,225,226,-1,218,227,221,-1,221,227,228,-1,221,228,219,-1,226,229,191,-1,191,229,230,-1,191,230,231,-1,232,233,7,-1,233,234,7,-1,7,234,235,-1,7,235,217,-1,220,236,221,-1,221,236,237,-1,221,237,193,-1,193,237,238,-1,193,238,239,-1,239,240,193,-1,193,240,241,-1,193,241,222,-1,218,221,7,-1,7,221,242,-1,7,242,8,-1,9,11,160,-1,160,11,243,-1,160,243,244,-1,245,246,247,-1,248,249,250,-1,251,252,11,-1,244,253,160,-1,160,253,254,-1,160,254,255,-1,256,257,247,-1,247,257,258,-1,248,250,246,-1,252,259,11,-1,11,259,260,-1,11,260,243,-1,258,261,247,-1,247,261,262,-1,247,262,245,-1,249,263,250,-1,250,263,264,-1,250,264,265,-1,265,266,250,-1,250,266,267,-1,250,267,11,-1,11,267,268,-1,11,268,251,-1,246,250,247,-1,247,250,269,-1,247,269,270,-1,271,272,250,-1,270,273,247,-1,247,273,274,-1,247,274,275,-1,276,277,278,-1,278,277,279,-1,280,281,278,-1,278,281,282,-1,278,282,283,-1,283,282,284,-1,272,285,250,-1,250,285,286,-1,250,286,269,-1,279,287,278,-1,278,287,288,-1,278,288,280,-1,284,289,283,-1,283,289,290,-1,283,290,291,-1,291,292,283,-1,283,292,293,-1,283,293,250,-1,250,293,294,-1,250,294,271,-1,206,207,200,-1,200,207,191,-1,200,191,30,-1,30,191,26,-1,30,26,28,-1,28,26,25,-1,275,276,247,-1,247,276,278,-1,247,278,87,-1,87,278,83,-1,87,83,85,-1,85,83,82,-1,295,5,296,-1,296,5,4,-1,296,4,297,-1,297,4,6,-1,297,6,298,-1,298,6,8,-1,299,300,295,-1,295,300,301,-1,295,301,5,-1,5,301,302,-1,5,302,298,-1,298,302,303,-1,298,303,297,-1,304,305,306,-1,306,305,307,-1,306,307,308,-1,309,5,310,-1,310,5,311,-1,312,313,298,-1,298,313,314,-1,298,314,315,-1,309,316,5,-1,5,316,317,-1,5,317,308,-1,242,318,8,-1,8,318,319,-1,8,319,298,-1,298,319,305,-1,298,305,312,-1,312,305,304,-1,315,320,298,-1,298,320,321,-1,298,321,322,-1,322,323,298,-1,298,323,324,-1,298,324,5,-1,5,324,325,-1,5,325,311,-1,326,137,307,-1,135,137,142,-1,142,137,326,-1,142,326,327,-1,318,10,319,-1,319,10,9,-1,319,9,305,-1,305,9,142,-1,305,142,328,-1,328,142,327,-1,328,329,305,-1,305,329,330,-1,305,330,307,-1,307,330,331,-1,307,331,326,-1,332,333,334,-1,334,333,330,-1,334,330,335,-1,335,330,329,-1,335,329,336,-1,336,329,337,-1,231,232,191,-1,191,232,7,-1,191,7,26,-1,26,7,6,-1,26,6,17,-1,17,6,4,-1,17,4,36,-1,36,4,3,-1,36,3,39,-1,338,307,339,-1,339,307,137,-1,339,137,184,-1,184,137,139,-1,184,139,182,-1,340,338,341,-1,341,338,339,-1,341,339,342,-1,342,339,184,-1,342,184,343,-1,343,184,188,-1,343,188,344,-1,345,346,39,-1,347,348,2,-1,2,348,349,-1,350,351,1,-1,1,351,352,-1,1,352,353,-1,349,354,2,-1,2,354,355,-1,2,355,39,-1,39,355,356,-1,39,356,345,-1,357,47,358,-1,358,47,359,-1,353,360,1,-1,1,360,361,-1,1,361,2,-1,2,361,362,-1,2,362,347,-1,346,363,39,-1,39,363,364,-1,39,364,47,-1,47,364,365,-1,47,365,359,-1,357,366,47,-1,47,366,367,-1,47,367,1,-1,1,367,368,-1,1,368,350,-1,369,370,371,-1,370,372,371,-1,371,372,373,-1,371,373,374,-1,374,375,340,-1,340,375,376,-1,377,378,2,-1,2,378,379,-1,2,379,380,-1,376,381,340,-1,340,381,382,-1,340,382,383,-1,384,385,39,-1,39,385,386,-1,39,386,387,-1,380,388,2,-1,2,388,389,-1,2,389,371,-1,371,389,390,-1,371,390,369,-1,308,307,5,-1,5,307,338,-1,5,338,3,-1,3,338,340,-1,3,340,39,-1,39,340,383,-1,39,383,384,-1,387,391,39,-1,39,391,392,-1,39,392,2,-1,2,392,393,-1,2,393,377,-1,394,395,396,-1,397,398,399,-1,399,398,400,-1,396,401,394,-1,394,401,402,-1,394,402,403,-1,400,404,399,-1,399,404,405,-1,399,405,99,-1,99,405,406,-1,99,406,407,-1,407,408,99,-1,99,408,409,-1,99,409,410,-1,411,412,344,-1,344,412,413,-1,403,414,394,-1,394,414,415,-1,394,415,399,-1,399,415,416,-1,399,416,397,-1,410,411,99,-1,99,411,344,-1,99,344,78,-1,78,344,188,-1,78,188,75,-1,75,188,187,-1,75,187,87,-1,87,187,158,-1,87,158,247,-1,247,158,160,-1,247,160,256,-1,256,160,255,-1,413,417,344,-1,344,417,418,-1,344,418,419,-1,374,340,371,-1,371,340,341,-1,371,341,420,-1,420,341,342,-1,420,342,421,-1,421,342,343,-1,421,343,422,-1,422,343,344,-1,422,344,394,-1,394,344,419,-1,394,419,395,-1,423,424,99,-1,425,399,426,-1,426,399,427,-1,428,429,430,-1,430,429,431,-1,430,431,432,-1,433,104,434,-1,434,104,430,-1,434,430,435,-1,435,430,432,-1,433,436,104,-1,104,436,437,-1,104,437,438,-1,425,439,399,-1,399,439,440,-1,399,440,430,-1,430,440,441,-1,430,441,428,-1,438,442,104,-1,104,442,443,-1,104,443,99,-1,99,443,444,-1,99,444,423,-1,424,445,99,-1,99,445,446,-1,99,446,399,-1,399,446,447,-1,399,447,427,-1,283,448,278,-1,278,448,449,-1,278,449,83,-1,83,449,450,-1,83,450,14,-1,14,450,451,-1,14,451,93,-1,93,451,452,-1,93,452,104,-1,104,452,453,-1,104,453,430,-1,430,453,454,-1,0,2,455,-1,455,2,371,-1,455,371,456,-1,456,371,420,-1,456,420,457,-1,457,420,421,-1,457,421,458,-1,458,421,422,-1,458,422,459,-1,459,422,394,-1,459,394,460,-1,460,394,399,-1,460,399,461,-1,461,399,430,-1,461,430,462,-1,462,430,454,-1,462,454,463,-1,464,465,466,-1,465,467,468,-1,469,470,471,-1,472,473,474,-1,475,476,477,-1,478,479,480,-1,481,482,483,-1,484,485,486,-1,486,485,487,-1,486,487,488,-1,487,481,488,-1,488,481,483,-1,488,483,489,-1,489,483,490,-1,489,490,491,-1,491,490,492,-1,491,492,493,-1,493,492,494,-1,493,494,495,-1,495,494,496,-1,495,496,497,-1,497,496,498,-1,499,500,501,-1,501,500,502,-1,501,502,503,-1,502,497,503,-1,503,497,498,-1,503,498,504,-1,504,498,478,-1,504,478,505,-1,505,478,480,-1,506,507,508,-1,509,510,506,-1,506,510,511,-1,506,511,507,-1,479,512,513,-1,514,515,513,-1,513,515,483,-1,513,483,479,-1,479,483,482,-1,479,482,480,-1,516,475,517,-1,518,519,520,-1,474,473,521,-1,473,516,521,-1,521,516,517,-1,521,517,520,-1,520,517,515,-1,520,515,518,-1,518,515,514,-1,518,514,509,-1,522,523,474,-1,474,523,524,-1,474,524,472,-1,509,506,518,-1,518,506,525,-1,518,525,519,-1,526,527,528,-1,529,528,530,-1,531,532,533,-1,512,479,534,-1,534,479,478,-1,534,478,535,-1,535,478,498,-1,535,498,508,-1,508,498,533,-1,508,533,506,-1,506,533,532,-1,506,532,525,-1,536,537,530,-1,530,537,531,-1,530,531,529,-1,529,531,533,-1,538,539,540,-1,540,539,537,-1,540,537,541,-1,541,537,536,-1,542,471,543,-1,543,544,542,-1,542,544,545,-1,542,545,546,-1,470,547,471,-1,471,547,548,-1,471,548,543,-1,549,550,551,-1,551,550,552,-1,551,552,553,-1,554,555,556,-1,555,557,556,-1,556,557,558,-1,556,558,559,-1,560,561,562,-1,562,561,563,-1,562,563,564,-1,546,549,542,-1,542,549,551,-1,542,551,565,-1,565,551,566,-1,565,566,567,-1,567,566,568,-1,569,570,571,-1,565,572,573,-1,574,575,576,-1,576,575,556,-1,576,556,471,-1,471,556,559,-1,471,559,469,-1,570,569,577,-1,577,569,578,-1,577,578,579,-1,579,578,575,-1,579,575,580,-1,580,575,574,-1,580,574,581,-1,582,583,584,-1,584,583,585,-1,584,585,586,-1,586,585,587,-1,586,587,581,-1,581,587,588,-1,581,588,580,-1,589,590,591,-1,591,590,592,-1,591,592,593,-1,593,592,594,-1,593,594,573,-1,573,594,595,-1,573,595,565,-1,565,595,596,-1,565,596,542,-1,542,596,597,-1,542,597,471,-1,471,597,598,-1,471,598,576,-1,599,600,601,-1,601,600,589,-1,601,589,602,-1,602,589,591,-1,603,604,605,-1,606,607,608,-1,608,607,609,-1,608,609,610,-1,610,609,603,-1,610,603,611,-1,611,603,605,-1,612,613,468,-1,614,615,616,-1,616,615,617,-1,618,619,468,-1,468,619,620,-1,468,620,612,-1,608,621,606,-1,606,621,572,-1,606,572,622,-1,622,572,565,-1,622,565,571,-1,571,565,616,-1,571,616,569,-1,569,616,617,-1,569,617,623,-1,613,624,468,-1,468,624,625,-1,468,625,616,-1,616,625,626,-1,616,626,614,-1,627,628,618,-1,618,628,629,-1,618,629,619,-1,630,631,632,-1,633,634,635,-1,636,637,575,-1,575,637,638,-1,575,638,635,-1,635,638,639,-1,635,639,633,-1,634,640,635,-1,635,640,641,-1,635,641,630,-1,630,641,642,-1,630,642,631,-1,643,644,578,-1,578,644,645,-1,578,645,575,-1,575,645,646,-1,575,646,636,-1,623,647,569,-1,569,647,648,-1,569,648,578,-1,578,648,649,-1,578,649,643,-1,650,467,651,-1,651,467,652,-1,651,652,653,-1,654,468,655,-1,655,468,467,-1,655,467,656,-1,656,467,650,-1,654,657,468,-1,468,657,658,-1,468,658,659,-1,660,661,662,-1,661,663,662,-1,662,663,664,-1,662,664,652,-1,652,664,665,-1,652,665,653,-1,666,667,668,-1,668,667,669,-1,668,669,670,-1,670,669,671,-1,670,671,672,-1,672,671,673,-1,674,675,630,-1,630,675,676,-1,677,678,679,-1,679,678,680,-1,679,680,662,-1,662,680,681,-1,681,682,662,-1,662,682,683,-1,662,683,660,-1,660,683,684,-1,660,684,671,-1,671,684,685,-1,671,685,673,-1,686,687,688,-1,688,687,689,-1,688,689,690,-1,686,691,687,-1,687,691,692,-1,687,692,676,-1,676,692,693,-1,676,693,694,-1,694,695,676,-1,676,695,696,-1,676,696,630,-1,630,696,697,-1,630,697,635,-1,635,697,698,-1,635,698,699,-1,699,700,635,-1,635,700,701,-1,635,701,679,-1,679,701,702,-1,679,702,677,-1,632,627,630,-1,630,627,618,-1,630,618,703,-1,659,704,468,-1,468,704,705,-1,468,705,618,-1,618,705,706,-1,618,706,703,-1,707,708,709,-1,709,708,710,-1,709,710,703,-1,703,710,711,-1,703,711,630,-1,712,713,709,-1,711,714,630,-1,630,714,715,-1,630,715,674,-1,674,715,716,-1,674,716,717,-1,713,718,709,-1,709,718,719,-1,709,719,720,-1,717,721,722,-1,722,723,717,-1,717,723,724,-1,717,724,674,-1,720,725,709,-1,709,725,726,-1,709,726,707,-1,712,709,727,-1,727,709,728,-1,727,728,729,-1,730,731,732,-1,729,733,727,-1,727,733,730,-1,727,730,734,-1,734,730,732,-1,475,477,517,-1,517,477,562,-1,517,562,735,-1,735,562,564,-1,735,564,556,-1,556,564,736,-1,556,736,554,-1,737,527,476,-1,476,527,526,-1,476,526,477,-1,477,526,738,-1,477,738,562,-1,562,738,739,-1,562,739,560,-1,560,739,740,-1,560,740,526,-1,526,740,741,-1,526,741,738,-1,528,529,526,-1,526,529,567,-1,526,567,560,-1,560,567,568,-1,560,568,561,-1,742,743,744,-1,745,746,747,-1,744,748,742,-1,742,748,749,-1,742,749,750,-1,745,747,751,-1,752,753,496,-1,750,754,742,-1,742,754,755,-1,742,755,747,-1,747,755,756,-1,747,756,751,-1,465,468,466,-1,466,468,616,-1,466,616,757,-1,757,616,565,-1,757,565,758,-1,758,565,567,-1,758,567,759,-1,759,567,529,-1,759,529,760,-1,760,529,533,-1,760,533,761,-1,761,533,498,-1,761,498,762,-1,762,498,496,-1,762,496,742,-1,742,496,753,-1,742,753,743,-1,763,764,765,-1,765,764,766,-1,765,766,767,-1,768,769,496,-1,746,770,747,-1,747,770,771,-1,747,771,765,-1,765,771,772,-1,765,772,763,-1,769,773,496,-1,496,773,774,-1,496,774,752,-1,767,768,765,-1,765,768,496,-1,765,496,775,-1,775,496,494,-1,775,494,776,-1,776,494,492,-1,776,492,777,-1,777,492,490,-1,777,778,776,-1,776,778,779,-1,776,779,775,-1,775,779,780,-1,775,780,765,-1,765,780,781,-1,765,781,747,-1,747,781,782,-1,464,466,783,-1,783,466,757,-1,783,757,784,-1,784,757,758,-1,784,758,785,-1,785,758,759,-1,785,759,786,-1,786,759,760,-1,786,760,787,-1,787,760,761,-1,787,761,788,-1,788,761,762,-1,788,762,789,-1,789,762,742,-1,789,742,790,-1,790,742,747,-1,790,747,791,-1,791,747,782,-1,791,782,792,-1,793,794,795,-1,795,794,796,-1,797,798,799,-1,799,798,800,-1,801,802,803,-1,803,802,804,-1,805,806,807,-1,807,806,808,-1,809,810,811,-1,811,810,812,-1,811,812,813,-1,813,812,814,-1,813,814,815,-1,815,814,816,-1,815,816,809,-1,809,816,810,-1,463,454,811,-1,811,454,817,-1,811,817,809,-1,809,817,818,-1,809,818,448,-1,448,283,809,-1,809,283,819,-1,809,819,815,-1,815,819,193,-1,815,193,198,-1,198,820,815,-1,815,820,821,-1,815,821,813,-1,813,821,1,-1,813,1,0,-1,0,455,813,-1,813,455,822,-1,813,822,811,-1,811,822,462,-1,811,462,463,-1,
        ]
    }
}
Shape{
    appearance Appearance {
        material  Material 	{
            diffuseColor 0.0 0.0 0.0
            specularColor 0.0 0.0 0.0
            ambientIntensity 0.0
            transparency 0.0
            shininess 0.5
        }
    }
    geometry IndexedFaceSet {
        ccw TRUE
        solid FALSE
        coord DEF co Coordinate {
            point [
                -6.0236 0.9843 0.1181, -6.0236 0.9843 0.0787, -6.0156 1.0454 0.1181, -6.0156 1.0454 0.0787, -5.992 1.1024 0.1181, -5.992 1.1024 0.0787, -5.9544 1.1513 0.1181, -5.9544 1.1513 0.0787, -5.9055 1.1888 0.1181, -5.9055 1.1888 0.0787, -5.8485 1.2124 0.1181, -5.8485 1.2124 0.0787, -5.7874 1.2205 0.1181, -5.7874 1.2205 0.0787, -5.7263 1.2124 0.1181, -5.7263 1.2124 0.0787, -5.6693 1.1888 0.1181, -5.6693 1.1888 0.0787, -5.6204 1.1513 0.1181, -5.6204 1.1513 0.0787, -5.5828 1.1024 0.1181, -5.5828 1.1024 0.0787, -5.5592 1.0454 0.1181, -5.5592 1.0454 0.0787, -5.5512 0.9843 0.1181, -5.5512 0.9843 0.0787, -5.5592 0.9231 0.1181, -5.5592 0.9231 0.0787, -5.5828 0.8661 0.1181, -5.5828 0.8661 0.0787, -5.6204 0.8172 0.1181, -5.6204 0.8172 0.0787, -5.6693 0.7797 0.1181, -5.6693 0.7797 0.0787, -5.7263 0.7561 0.1181, -5.7263 0.7561 0.0787, -5.7874 0.748 0.1181, -5.7874 0.748 0.0787, -5.8485 0.7561 0.1181, -5.8485 0.7561 0.0787, -5.9055 0.7797 0.1181, -5.9055 0.7797 0.0787, -5.9544 0.8172 0.1181, -5.9544 0.8172 0.0787, -5.992 0.8661 0.1181, -5.992 0.8661 0.0787, -6.0156 0.9231 0.1181, -6.0156 0.9231 0.0787, -5.7365 0.7941 0.1181, -5.7874 0.7874 0.1181, -5.8384 0.7941 0.1181, -5.8858 0.8138 0.1181, -5.9266 0.8451 0.1181, -5.9579 0.8858 0.1181, -5.9775 0.9333 0.1181, -5.9843 0.9843 0.1181, -5.9775 1.0352 0.1181, -5.9579 1.0827 0.1181, -5.9266 1.1234 0.1181, -5.8858 1.1547 0.1181, -5.8384 1.1744 0.1181, -5.7874 1.1811 0.1181, -5.7365 1.1744 0.1181, -5.689 1.1547 0.1181, -5.6482 1.1234 0.1181, -5.6169 1.0827 0.1181, -5.5973 1.0352 0.1181, -5.5906 0.9843 0.1181, -5.5973 0.9333 0.1181, -5.6169 0.8858 0.1181, -5.6482 0.8451 0.1181, -5.689 0.8138 0.1181, -4.147 3.0315 0.1181, -4.147 3.0315 0.0787, -4.1389 3.0926 0.1181, -4.1389 3.0926 0.0787, -4.1153 3.1496 0.1181, -4.1153 3.1496 0.0787, -4.0778 3.1985 0.1181, -4.0778 3.1985 0.0787, -4.0289 3.2361 0.1181, -4.0289 3.2361 0.0787, -3.9719 3.2597 0.1181, -3.9719 3.2597 0.0787, -3.9108 3.2677 0.1181, -3.9108 3.2677 0.0787, -3.8496 3.2597 0.1181, -3.8496 3.2597 0.0787, -3.7926 3.2361 0.1181, -3.7926 3.2361 0.0787, -3.7437 3.1985 0.1181, -3.7437 3.1985 0.0787, -3.7062 3.1496 0.1181, -3.7062 3.1496 0.0787, -3.6826 3.0926 0.1181, -3.6826 3.0926 0.0787, -3.6745 3.0315 0.1181, -3.6745 3.0315 0.0787, -3.6826 2.9704 0.1181, -3.6826 2.9704 0.0787, -3.7062 2.9134 0.1181, -3.7062 2.9134 0.0787, -3.7437 2.8645 0.1181, -3.7437 2.8645 0.0787, -3.7926 2.8269 0.1181, -3.7926 2.8269 0.0787, -3.8496 2.8033 0.1181, -3.8496 2.8033 0.0787, -3.9108 2.7953 0.1181, -3.9108 2.7953 0.0787, -3.9719 2.8033 0.1181, -3.9719 2.8033 0.0787, -4.0289 2.8269 0.1181, -4.0289 2.8269 0.0787, -4.0778 2.8645 0.1181, -4.0778 2.8645 0.0787, -4.1153 2.9134 0.1181, -4.1153 2.9134 0.0787, -4.1389 2.9704 0.1181, -4.1389 2.9704 0.0787, -3.9108 3.0315 0.1181, -6.0236 -3.0315 0.1181, -6.0236 -3.0315 0.0787, -6.0156 -2.9704 0.1181, -6.0156 -2.9704 0.0787, -5.992 -2.9134 0.1181, -5.992 -2.9134 0.0787, -5.9544 -2.8645 0.1181, -5.9544 -2.8645 0.0787, -5.9055 -2.8269 0.1181, -5.9055 -2.8269 0.0787, -5.8485 -2.8033 0.1181, -5.8485 -2.8033 0.0787, -5.7874 -2.7953 0.1181, -5.7874 -2.7953 0.0787, -5.7263 -2.8033 0.1181, -5.7263 -2.8033 0.0787, -5.6693 -2.8269 0.1181, -5.6693 -2.8269 0.0787, -5.6204 -2.8645 0.1181, -5.6204 -2.8645 0.0787, -5.5828 -2.9134 0.1181, -5.5828 -2.9134 0.0787, -5.5592 -2.9704 0.1181, -5.5592 -2.9704 0.0787, -5.5512 -3.0315 0.1181, -5.5512 -3.0315 0.0787, -5.5592 -3.0926 0.1181, -5.5592 -3.0926 0.0787, -5.5828 -3.1496 0.1181, -5.5828 -3.1496 0.0787, -5.6204 -3.1985 0.1181, -5.6204 -3.1985 0.0787, -5.6693 -3.2361 0.1181, -5.6693 -3.2361 0.0787, -5.7263 -3.2597 0.1181, -5.7263 -3.2597 0.0787, -5.7874 -3.2677 0.1181, -5.7874 -3.2677 0.0787, -5.8485 -3.2597 0.1181, -5.8485 -3.2597 0.0787, -5.9055 -3.2361 0.1181, -5.9055 -3.2361 0.0787, -5.9544 -3.1985 0.1181, -5.9544 -3.1985 0.0787, -5.992 -3.1496 0.1181, -5.992 -3.1496 0.0787, -6.0156 -3.0926 0.1181, -6.0156 -3.0926 0.0787, -5.7874 -3.0315 0.1181, -6.0236 3.0315 0.1181, -6.0236 3.0315 0.0787, -6.0156 3.0926 0.1181, -6.0156 3.0926 0.0787, -5.992 3.1496 0.1181, -5.992 3.1496 0.0787, -5.9544 3.1985 0.1181, -5.9544 3.1985 0.0787, -5.9055 3.2361 0.1181, -5.9055 3.2361 0.0787, -5.8485 3.2597 0.1181, -5.8485 3.2597 0.0787, -5.7874 3.2677 0.1181, -5.7874 3.2677 0.0787, -5.7263 3.2597 0.1181, -5.7263 3.2597 0.0787, -5.6693 3.2361 0.1181, -5.6693 3.2361 0.0787, -5.6204 3.1985 0.1181, -5.6204 3.1985 0.0787, -5.5828 3.1496 0.1181, -5.5828 3.1496 0.0787, -5.5592 3.0926 0.1181, -5.5592 3.0926 0.0787, -5.5512 3.0315 0.1181, -5.5512 3.0315 0.0787, -5.5592 2.9704 0.1181, -5.5592 2.9704 0.0787, -5.5828 2.9134 0.1181, -5.5828 2.9134 0.0787, -5.6204 2.8645 0.1181, -5.6204 2.8645 0.0787, -5.6693 2.8269 0.1181, -5.6693 2.8269 0.0787, -5.7263 2.8033 0.1181, -5.7263 2.8033 0.0787, -5.7874 2.7953 0.1181, -5.7874 2.7953 0.0787, -5.8485 2.8033 0.1181, -5.8485 2.8033 0.0787, -5.9055 2.8269 0.1181, -5.9055 2.8269 0.0787, -5.9544 2.8645 0.1181, -5.9544 2.8645 0.0787, -5.992 2.9134 0.1181, -5.992 2.9134 0.0787, -6.0156 2.9704 0.1181, -6.0156 2.9704 0.0787, -5.7874 3.0315 0.1181, 5.5512 0.9843 0.1181, 5.5512 0.9843 0.0787, 5.5592 1.0454 0.1181, 5.5592 1.0454 0.0787, 5.5828 1.1024 0.1181, 5.5828 1.1024 0.0787, 5.6204 1.1513 0.1181, 5.6204 1.1513 0.0787, 5.6693 1.1888 0.1181, 5.6693 1.1888 0.0787, 5.7263 1.2124 0.1181, 5.7263 1.2124 0.0787, 5.7874 1.2205 0.1181, 5.7874 1.2205 0.0787, 5.8485 1.2124 0.1181, 5.8485 1.2124 0.0787, 5.9055 1.1888 0.1181, 5.9055 1.1888 0.0787, 5.9544 1.1513 0.1181, 5.9544 1.1513 0.0787, 5.992 1.1024 0.1181, 5.992 1.1024 0.0787, 6.0156 1.0454 0.1181, 6.0156 1.0454 0.0787, 6.0236 0.9843 0.1181, 6.0236 0.9843 0.0787, 6.0156 0.9231 0.1181, 6.0156 0.9231 0.0787, 5.992 0.8661 0.1181, 5.992 0.8661 0.0787, 5.9544 0.8172 0.1181, 5.9544 0.8172 0.0787, 5.9055 0.7797 0.1181, 5.9055 0.7797 0.0787, 5.8485 0.7561 0.1181, 5.8485 0.7561 0.0787, 5.7874 0.748 0.1181, 5.7874 0.748 0.0787, 5.7263 0.7561 0.1181, 5.7263 0.7561 0.0787, 5.6693 0.7797 0.1181, 5.6693 0.7797 0.0787, 5.6204 0.8172 0.1181, 5.6204 0.8172 0.0787, 5.5828 0.8661 0.1181, 5.5828 0.8661 0.0787, 5.5592 0.9231 0.1181, 5.5592 0.9231 0.0787, 5.7874 0.9843 0.1181, 5.5512 -3.0315 0.1181, 5.5512 -3.0315 0.0787, 5.5592 -2.9704 0.1181, 5.5592 -2.9704 0.0787, 5.5828 -2.9134 0.1181, 5.5828 -2.9134 0.0787, 5.6204 -2.8645 0.1181, 5.6204 -2.8645 0.0787, 5.6693 -2.8269 0.1181, 5.6693 -2.8269 0.0787, 5.7263 -2.8033 0.1181, 5.7263 -2.8033 0.0787, 5.7874 -2.7953 0.1181, 5.7874 -2.7953 0.0787, 5.8485 -2.8033 0.1181, 5.8485 -2.8033 0.0787, 5.9055 -2.8269 0.1181, 5.9055 -2.8269 0.0787, 5.9544 -2.8645 0.1181, 5.9544 -2.8645 0.0787, 5.992 -2.9134 0.1181, 5.992 -2.9134 0.0787, 6.0156 -2.9704 0.1181, 6.0156 -2.9704 0.0787, 6.0236 -3.0315 0.1181, 6.0236 -3.0315 0.0787, 6.0156 -3.0926 0.1181, 6.0156 -3.0926 0.0787, 5.992 -3.1496 0.1181, 5.992 -3.1496 0.0787, 5.9544 -3.1985 0.1181, 5.9544 -3.1985 0.0787, 5.9055 -3.2361 0.1181, 5.9055 -3.2361 0.0787, 5.8485 -3.2597 0.1181, 5.8485 -3.2597 0.0787, 5.7874 -3.2677 0.1181, 5.7874 -3.2677 0.0787, 5.7263 -3.2597 0.1181, 5.7263 -3.2597 0.0787, 5.6693 -3.2361 0.1181, 5.6693 -3.2361 0.0787, 5.6204 -3.1985 0.1181, 5.6204 -3.1985 0.0787, 5.5828 -3.1496 0.1181, 5.5828 -3.1496 0.0787, 5.5592 -3.0926 0.1181, 5.5592 -3.0926 0.0787, 5.7874 -2.8346 0.1181, 5.8384 -2.8414 0.1181, 5.8858 -2.861 0.1181, 5.9266 -2.8923 0.1181, 5.9579 -2.9331 0.1181, 5.9775 -2.9805 0.1181, 5.9843 -3.0315 0.1181, 5.9775 -3.0824 0.1181, 5.9579 -3.1299 0.1181, 5.9266 -3.1707 0.1181, 5.8858 -3.202 0.1181, 5.8384 -3.2216 0.1181, 5.7874 -3.2283 0.1181, 5.7365 -3.2216 0.1181, 5.689 -3.202 0.1181, 5.6482 -3.1707 0.1181, 5.6169 -3.1299 0.1181, 5.5973 -3.0824 0.1181, 5.5906 -3.0315 0.1181, 5.5973 -2.9805 0.1181, 5.6169 -2.9331 0.1181, 5.6482 -2.8923 0.1181, 5.689 -2.861 0.1181, 5.7365 -2.8414 0.1181, 5.5512 3.0315 0.1181, 5.5512 3.0315 0.0787, 5.5592 3.0926 0.1181, 5.5592 3.0926 0.0787, 5.5828 3.1496 0.1181, 5.5828 3.1496 0.0787, 5.6204 3.1985 0.1181, 5.6204 3.1985 0.0787, 5.6693 3.2361 0.1181, 5.6693 3.2361 0.0787, 5.7263 3.2597 0.1181, 5.7263 3.2597 0.0787, 5.7874 3.2677 0.1181, 5.7874 3.2677 0.0787, 5.8485 3.2597 0.1181, 5.8485 3.2597 0.0787, 5.9055 3.2361 0.1181, 5.9055 3.2361 0.0787, 5.9544 3.1985 0.1181, 5.9544 3.1985 0.0787, 5.992 3.1496 0.1181, 5.992 3.1496 0.0787, 6.0156 3.0926 0.1181, 6.0156 3.0926 0.0787, 6.0236 3.0315 0.1181, 6.0236 3.0315 0.0787, 6.0156 2.9704 0.1181, 6.0156 2.9704 0.0787, 5.992 2.9134 0.1181, 5.992 2.9134 0.0787, 5.9544 2.8645 0.1181, 5.9544 2.8645 0.0787, 5.9055 2.8269 0.1181, 5.9055 2.8269 0.0787, 5.8485 2.8033 0.1181, 5.8485 2.8033 0.0787, 5.7874 2.7953 0.1181, 5.7874 2.7953 0.0787, 5.7263 2.8033 0.1181, 5.7263 2.8033 0.0787, 5.6693 2.8269 0.1181, 5.6693 2.8269 0.0787, 5.6204 2.8645 0.1181, 5.6204 2.8645 0.0787, 5.5828 2.9134 0.1181, 5.5828 2.9134 0.0787, 5.5592 2.9704 0.1181, 5.5592 2.9704 0.0787, 5.6482 3.1707 0.1181, 5.689 3.202 0.1181, 5.7365 3.2216 0.1181, 5.7874 3.2283 0.1181, 5.8384 3.2216 0.1181, 5.8858 3.202 0.1181, 5.9266 3.1707 0.1181, 5.9579 3.1299 0.1181, 5.9775 3.0824 0.1181, 5.9843 3.0315 0.1181, 5.9775 2.9805 0.1181, 5.9579 2.9331 0.1181, 5.9266 2.8923 0.1181, 5.8858 2.861 0.1181, 5.8384 2.8414 0.1181, 5.7874 2.8346 0.1181, 5.7365 2.8414 0.1181, 5.689 2.861 0.1181, 5.6482 2.8923 0.1181, 5.6169 2.9331 0.1181, 5.5973 2.9805 0.1181, 5.5906 3.0315 0.1181, 5.5973 3.0824 0.1181, 5.6169 3.1299 0.1181, -6.0236 -0.9843 0.1181, -6.0236 -0.9843 0.0787, -6.0156 -0.9231 0.1181, -6.0156 -0.9231 0.0787, -5.992 -0.8661 0.1181, -5.992 -0.8661 0.0787, -5.9544 -0.8172 0.1181, -5.9544 -0.8172 0.0787, -5.9055 -0.7797 0.1181, -5.9055 -0.7797 0.0787, -5.8485 -0.7561 0.1181, -5.8485 -0.7561 0.0787, -5.7874 -0.748 0.1181, -5.7874 -0.748 0.0787, -5.7263 -0.7561 0.1181, -5.7263 -0.7561 0.0787, -5.6693 -0.7797 0.1181, -5.6693 -0.7797 0.0787, -5.6204 -0.8172 0.1181, -5.6204 -0.8172 0.0787, -5.5828 -0.8661 0.1181, -5.5828 -0.8661 0.0787, -5.5592 -0.9231 0.1181, -5.5592 -0.9231 0.0787, -5.5512 -0.9843 0.1181, -5.5512 -0.9843 0.0787, -5.5592 -1.0454 0.1181, -5.5592 -1.0454 0.0787, -5.5828 -1.1024 0.1181, -5.5828 -1.1024 0.0787, -5.6204 -1.1513 0.1181, -5.6204 -1.1513 0.0787, -5.6693 -1.1888 0.1181, -5.6693 -1.1888 0.0787, -5.7263 -1.2124 0.1181, -5.7263 -1.2124 0.0787, -5.7874 -1.2205 0.1181, -5.7874 -1.2205 0.0787, -5.8485 -1.2124 0.1181, -5.8485 -1.2124 0.0787, -5.9055 -1.1888 0.1181, -5.9055 -1.1888 0.0787, -5.9544 -1.1513 0.1181, -5.9544 -1.1513 0.0787, -5.992 -1.1024 0.1181, -5.992 -1.1024 0.0787, -6.0156 -1.0454 0.1181, -6.0156 -1.0454 0.0787, -5.7874 -0.7874 0.1181, -5.7365 -0.7941 0.1181, -5.689 -0.8138 0.1181, -5.6482 -0.8451 0.1181, -5.6169 -0.8858 0.1181, -5.5973 -0.9333 0.1181, -5.5906 -0.9843 0.1181, -5.5973 -1.0352 0.1181, -5.6169 -1.0827 0.1181, -5.6482 -1.1234 0.1181, -5.689 -1.1547 0.1181, -5.7365 -1.1744 0.1181, -5.7874 -1.1811 0.1181, -5.8384 -1.1744 0.1181, -5.8858 -1.1547 0.1181, -5.9266 -1.1234 0.1181, -5.9579 -1.0827 0.1181, -5.9775 -1.0352 0.1181, -5.9843 -0.9843 0.1181, -5.9775 -0.9333 0.1181, -5.9579 -0.8858 0.1181, -5.9266 -0.8451 0.1181, -5.8858 -0.8138 0.1181, -5.8384 -0.7941 0.1181, 5.5512 -0.9843 0.1181, 5.5512 -0.9843 0.0787, 5.5592 -0.9231 0.1181, 5.5592 -0.9231 0.0787, 5.5828 -0.8661 0.1181, 5.5828 -0.8661 0.0787, 5.6204 -0.8172 0.1181, 5.6204 -0.8172 0.0787, 5.6693 -0.7797 0.1181, 5.6693 -0.7797 0.0787, 5.7263 -0.7561 0.1181, 5.7263 -0.7561 0.0787, 5.7874 -0.748 0.1181, 5.7874 -0.748 0.0787, 5.8485 -0.7561 0.1181, 5.8485 -0.7561 0.0787, 5.9055 -0.7797 0.1181, 5.9055 -0.7797 0.0787, 5.9544 -0.8172 0.1181, 5.9544 -0.8172 0.0787, 5.992 -0.8661 0.1181, 5.992 -0.8661 0.0787, 6.0156 -0.9231 0.1181, 6.0156 -0.9231 0.0787, 6.0236 -0.9843 0.1181, 6.0236 -0.9843 0.0787, 6.0156 -1.0454 0.1181, 6.0156 -1.0454 0.0787, 5.992 -1.1024 0.1181, 5.992 -1.1024 0.0787, 5.9544 -1.1513 0.1181, 5.9544 -1.1513 0.0787, 5.9055 -1.1888 0.1181, 5.9055 -1.1888 0.0787, 5.8485 -1.2124 0.1181, 5.8485 -1.2124 0.0787, 5.7874 -1.2205 0.1181, 5.7874 -1.2205 0.0787, 5.7263 -1.2124 0.1181, 5.7263 -1.2124 0.0787, 5.6693 -1.1888 0.1181, 5.6693 -1.1888 0.0787, 5.6204 -1.1513 0.1181, 5.6204 -1.1513 0.0787, 5.5828 -1.1024 0.1181, 5.5828 -1.1024 0.0787, 5.5592 -1.0454 0.1181, 5.5592 -1.0454 0.0787, 5.7874 -0.9843 0.1181, 3.7225 3.0315 0.1181, 3.7225 3.0315 0.0787, 3.7306 3.0926 0.1181, 3.7306 3.0926 0.0787, 3.7541 3.1496 0.1181, 3.7541 3.1496 0.0787, 3.7917 3.1985 0.1181, 3.7917 3.1985 0.0787, 3.8406 3.2361 0.1181, 3.8406 3.2361 0.0787, 3.8976 3.2597 0.1181, 3.8976 3.2597 0.0787, 3.9587 3.2677 0.1181, 3.9587 3.2677 0.0787, 4.0199 3.2597 0.1181, 4.0199 3.2597 0.0787, 4.0768 3.2361 0.1181, 4.0768 3.2361 0.0787, 4.1258 3.1985 0.1181, 4.1258 3.1985 0.0787, 4.1633 3.1496 0.1181, 4.1633 3.1496 0.0787, 4.1869 3.0926 0.1181, 4.1869 3.0926 0.0787, 4.1949 3.0315 0.1181, 4.1949 3.0315 0.0787, 4.1869 2.9704 0.1181, 4.1869 2.9704 0.0787, 4.1633 2.9134 0.1181, 4.1633 2.9134 0.0787, 4.1258 2.8645 0.1181, 4.1258 2.8645 0.0787, 4.0768 2.8269 0.1181, 4.0768 2.8269 0.0787, 4.0199 2.8033 0.1181, 4.0199 2.8033 0.0787, 3.9587 2.7953 0.1181, 3.9587 2.7953 0.0787, 3.8976 2.8033 0.1181, 3.8976 2.8033 0.0787, 3.8406 2.8269 0.1181, 3.8406 2.8269 0.0787, 3.7917 2.8645 0.1181, 3.7917 2.8645 0.0787, 3.7541 2.9134 0.1181, 3.7541 2.9134 0.0787, 3.7306 2.9704 0.1181, 3.7306 2.9704 0.0787, 3.9587 3.0315 0.1181, 3.7225 -3.0315 0.1181, 3.7225 -3.0315 0.0787, 3.7306 -2.9704 0.1181, 3.7306 -2.9704 0.0787, 3.7541 -2.9134 0.1181, 3.7541 -2.9134 0.0787, 3.7917 -2.8645 0.1181, 3.7917 -2.8645 0.0787, 3.8406 -2.8269 0.1181, 3.8406 -2.8269 0.0787, 3.8976 -2.8033 0.1181, 3.8976 -2.8033 0.0787, 3.9587 -2.7953 0.1181, 3.9587 -2.7953 0.0787, 4.0199 -2.8033 0.1181, 4.0199 -2.8033 0.0787, 4.0768 -2.8269 0.1181, 4.0768 -2.8269 0.0787, 4.1258 -2.8645 0.1181, 4.1258 -2.8645 0.0787, 4.1633 -2.9134 0.1181, 4.1633 -2.9134 0.0787, 4.1869 -2.9704 0.1181, 4.1869 -2.9704 0.0787, 4.1949 -3.0315 0.1181, 4.1949 -3.0315 0.0787, 4.1869 -3.0926 0.1181, 4.1869 -3.0926 0.0787, 4.1633 -3.1496 0.1181, 4.1633 -3.1496 0.0787, 4.1258 -3.1985 0.1181, 4.1258 -3.1985 0.0787, 4.0768 -3.2361 0.1181, 4.0768 -3.2361 0.0787, 4.0199 -3.2597 0.1181, 4.0199 -3.2597 0.0787, 3.9587 -3.2677 0.1181, 3.9587 -3.2677 0.0787, 3.8976 -3.2597 0.1181, 3.8976 -3.2597 0.0787, 3.8406 -3.2361 0.1181, 3.8406 -3.2361 0.0787, 3.7917 -3.1985 0.1181, 3.7917 -3.1985 0.0787, 3.7541 -3.1496 0.1181, 3.7541 -3.1496 0.0787, 3.7306 -3.0926 0.1181, 3.7306 -3.0926 0.0787, 3.9587 -3.0315 0.1181, -4.147 -3.0315 0.1181, -4.147 -3.0315 0.0787, -4.1389 -2.9704 0.1181, -4.1389 -2.9704 0.0787, -4.1153 -2.9134 0.1181, -4.1153 -2.9134 0.0787, -4.0778 -2.8645 0.1181, -4.0778 -2.8645 0.0787, -4.0289 -2.8269 0.1181, -4.0289 -2.8269 0.0787, -3.9719 -2.8033 0.1181, -3.9719 -2.8033 0.0787, -3.9108 -2.7953 0.1181, -3.9108 -2.7953 0.0787, -3.8496 -2.8033 0.1181, -3.8496 -2.8033 0.0787, -3.7926 -2.8269 0.1181, -3.7926 -2.8269 0.0787, -3.7437 -2.8645 0.1181, -3.7437 -2.8645 0.0787, -3.7062 -2.9134 0.1181, -3.7062 -2.9134 0.0787, -3.6826 -2.9704 0.1181, -3.6826 -2.9704 0.0787, -3.6745 -3.0315 0.1181, -3.6745 -3.0315 0.0787, -3.6826 -3.0926 0.1181, -3.6826 -3.0926 0.0787, -3.7062 -3.1496 0.1181, -3.7062 -3.1496 0.0787, -3.7437 -3.1985 0.1181, -3.7437 -3.1985 0.0787, -3.7926 -3.2361 0.1181, -3.7926 -3.2361 0.0787, -3.8496 -3.2597 0.1181, -3.8496 -3.2597 0.0787, -3.9108 -3.2677 0.1181, -3.9108 -3.2677 0.0787, -3.9719 -3.2597 0.1181, -3.9719 -3.2597 0.0787, -4.0289 -3.2361 0.1181, -4.0289 -3.2361 0.0787, -4.0778 -3.1985 0.1181, -4.0778 -3.1985 0.0787, -4.1153 -3.1496 0.1181, -4.1153 -3.1496 0.0787, -4.1389 -3.0926 0.1181, -4.1389 -3.0926 0.0787, -3.9108 -3.0315 0.1181
            ]
        }
        coordIndex [
            0,1,2,-1,2,1,3,-1,2,3,4,-1,4,3,5,-1,4,5,6,-1,6,5,7,-1,6,7,8,-1,8,7,9,-1,8,9,10,-1,10,9,11,-1,10,11,12,-1,12,11,13,-1,12,13,14,-1,14,13,15,-1,14,15,16,-1,16,15,17,-1,16,17,18,-1,18,17,19,-1,18,19,20,-1,20,19,21,-1,20,21,22,-1,22,21,23,-1,22,23,24,-1,24,23,25,-1,24,25,26,-1,26,25,27,-1,26,27,28,-1,28,27,29,-1,28,29,30,-1,30,29,31,-1,30,31,32,-1,32,31,33,-1,32,33,34,-1,34,33,35,-1,34,35,36,-1,36,35,37,-1,36,37,38,-1,38,37,39,-1,38,39,40,-1,40,39,41,-1,40,41,42,-1,42,41,43,-1,42,43,44,-1,44,43,45,-1,44,45,46,-1,46,45,47,-1,46,47,0,-1,0,47,1,-1,48,34,49,-1,49,34,36,-1,49,36,50,-1,50,36,38,-1,50,38,51,-1,51,38,40,-1,51,40,52,-1,52,40,42,-1,52,42,53,-1,53,42,44,-1,53,44,54,-1,54,44,46,-1,54,46,55,-1,55,46,0,-1,55,0,56,-1,56,0,2,-1,56,2,57,-1,57,2,4,-1,57,4,58,-1,58,4,6,-1,58,6,59,-1,59,6,8,-1,59,8,60,-1,60,8,10,-1,60,10,61,-1,61,10,12,-1,61,12,62,-1,62,12,14,-1,62,14,63,-1,63,14,16,-1,63,16,64,-1,64,16,18,-1,64,18,65,-1,65,18,20,-1,65,20,66,-1,66,20,22,-1,66,22,67,-1,67,22,24,-1,67,24,68,-1,68,24,26,-1,68,26,69,-1,69,26,28,-1,69,28,70,-1,70,28,30,-1,70,30,71,-1,71,30,32,-1,71,32,48,-1,48,32,34,-1,72,73,74,-1,74,73,75,-1,74,75,76,-1,76,75,77,-1,76,77,78,-1,78,77,79,-1,78,79,80,-1,80,79,81,-1,80,81,82,-1,82,81,83,-1,82,83,84,-1,84,83,85,-1,84,85,86,-1,86,85,87,-1,86,87,88,-1,88,87,89,-1,88,89,90,-1,90,89,91,-1,90,91,92,-1,92,91,93,-1,92,93,94,-1,94,93,95,-1,94,95,96,-1,96,95,97,-1,96,97,98,-1,98,97,99,-1,98,99,100,-1,100,99,101,-1,100,101,102,-1,102,101,103,-1,102,103,104,-1,104,103,105,-1,104,105,106,-1,106,105,107,-1,106,107,108,-1,108,107,109,-1,108,109,110,-1,110,109,111,-1,110,111,112,-1,112,111,113,-1,112,113,114,-1,114,113,115,-1,114,115,116,-1,116,115,117,-1,116,117,118,-1,118,117,119,-1,118,119,72,-1,72,119,73,-1,116,118,120,-1,120,118,72,-1,120,72,74,-1,110,112,120,-1,120,112,114,-1,120,114,116,-1,104,106,120,-1,120,106,108,-1,120,108,110,-1,98,100,120,-1,120,100,102,-1,120,102,104,-1,92,94,120,-1,120,94,96,-1,120,96,98,-1,86,88,120,-1,120,88,90,-1,120,90,92,-1,80,82,120,-1,120,82,84,-1,120,84,86,-1,74,76,120,-1,120,76,78,-1,120,78,80,-1,121,122,123,-1,123,122,124,-1,123,124,125,-1,125,124,126,-1,125,126,127,-1,127,126,128,-1,127,128,129,-1,129,128,130,-1,129,130,131,-1,131,130,132,-1,131,132,133,-1,133,132,134,-1,133,134,135,-1,135,134,136,-1,135,136,137,-1,137,136,138,-1,137,138,139,-1,139,138,140,-1,139,140,141,-1,141,140,142,-1,141,142,143,-1,143,142,144,-1,143,144,145,-1,145,144,146,-1,145,146,147,-1,147,146,148,-1,147,148,149,-1,149,148,150,-1,149,150,151,-1,151,150,152,-1,151,152,153,-1,153,152,154,-1,153,154,155,-1,155,154,156,-1,155,156,157,-1,157,156,158,-1,157,158,159,-1,159,158,160,-1,159,160,161,-1,161,160,162,-1,161,162,163,-1,163,162,164,-1,163,164,165,-1,165,164,166,-1,165,166,167,-1,167,166,168,-1,167,168,121,-1,121,168,122,-1,165,167,169,-1,169,167,121,-1,169,121,123,-1,159,161,169,-1,169,161,163,-1,169,163,165,-1,153,155,169,-1,169,155,157,-1,169,157,159,-1,147,149,169,-1,169,149,151,-1,169,151,153,-1,141,143,169,-1,169,143,145,-1,169,145,147,-1,135,137,169,-1,169,137,139,-1,169,139,141,-1,129,131,169,-1,169,131,133,-1,169,133,135,-1,123,125,169,-1,169,125,127,-1,169,127,129,-1,170,171,172,-1,172,171,173,-1,172,173,174,-1,174,173,175,-1,174,175,176,-1,176,175,177,-1,176,177,178,-1,178,177,179,-1,178,179,180,-1,180,179,181,-1,180,181,182,-1,182,181,183,-1,182,183,184,-1,184,183,185,-1,184,185,186,-1,186,185,187,-1,186,187,188,-1,188,187,189,-1,188,189,190,-1,190,189,191,-1,190,191,192,-1,192,191,193,-1,192,193,194,-1,194,193,195,-1,194,195,196,-1,196,195,197,-1,196,197,198,-1,198,197,199,-1,198,199,200,-1,200,199,201,-1,200,201,202,-1,202,201,203,-1,202,203,204,-1,204,203,205,-1,204,205,206,-1,206,205,207,-1,206,207,208,-1,208,207,209,-1,208,209,210,-1,210,209,211,-1,210,211,212,-1,212,211,213,-1,212,213,214,-1,214,213,215,-1,214,215,216,-1,216,215,217,-1,216,217,170,-1,170,217,171,-1,214,216,218,-1,218,216,170,-1,218,170,172,-1,208,210,218,-1,218,210,212,-1,218,212,214,-1,202,204,218,-1,218,204,206,-1,218,206,208,-1,196,198,218,-1,218,198,200,-1,218,200,202,-1,190,192,218,-1,218,192,194,-1,218,194,196,-1,184,186,218,-1,218,186,188,-1,218,188,190,-1,178,180,218,-1,218,180,182,-1,218,182,184,-1,172,174,218,-1,218,174,176,-1,218,176,178,-1,219,220,221,-1,221,220,222,-1,221,222,223,-1,223,222,224,-1,223,224,225,-1,225,224,226,-1,225,226,227,-1,227,226,228,-1,227,228,229,-1,229,228,230,-1,229,230,231,-1,231,230,232,-1,231,232,233,-1,233,232,234,-1,233,234,235,-1,235,234,236,-1,235,236,237,-1,237,236,238,-1,237,238,239,-1,239,238,240,-1,239,240,241,-1,241,240,242,-1,241,242,243,-1,243,242,244,-1,243,244,245,-1,245,244,246,-1,245,246,247,-1,247,246,248,-1,247,248,249,-1,249,248,250,-1,249,250,251,-1,251,250,252,-1,251,252,253,-1,253,252,254,-1,253,254,255,-1,255,254,256,-1,255,256,257,-1,257,256,258,-1,257,258,259,-1,259,258,260,-1,259,260,261,-1,261,260,262,-1,261,262,263,-1,263,262,264,-1,263,264,265,-1,265,264,266,-1,265,266,219,-1,219,266,220,-1,263,265,267,-1,267,265,219,-1,267,219,221,-1,257,259,267,-1,267,259,261,-1,267,261,263,-1,251,253,267,-1,267,253,255,-1,267,255,257,-1,245,247,267,-1,267,247,249,-1,267,249,251,-1,239,241,267,-1,267,241,243,-1,267,243,245,-1,233,235,267,-1,267,235,237,-1,267,237,239,-1,227,229,267,-1,267,229,231,-1,267,231,233,-1,221,223,267,-1,267,223,225,-1,267,225,227,-1,268,269,270,-1,270,269,271,-1,270,271,272,-1,272,271,273,-1,272,273,274,-1,274,273,275,-1,274,275,276,-1,276,275,277,-1,276,277,278,-1,278,277,279,-1,278,279,280,-1,280,279,281,-1,280,281,282,-1,282,281,283,-1,282,283,284,-1,284,283,285,-1,284,285,286,-1,286,285,287,-1,286,287,288,-1,288,287,289,-1,288,289,290,-1,290,289,291,-1,290,291,292,-1,292,291,293,-1,292,293,294,-1,294,293,295,-1,294,295,296,-1,296,295,297,-1,296,297,298,-1,298,297,299,-1,298,299,300,-1,300,299,301,-1,300,301,302,-1,302,301,303,-1,302,303,304,-1,304,303,305,-1,304,305,306,-1,306,305,307,-1,306,307,308,-1,308,307,309,-1,308,309,310,-1,310,309,311,-1,310,311,312,-1,312,311,313,-1,312,313,314,-1,314,313,315,-1,314,315,268,-1,268,315,269,-1,316,280,317,-1,317,280,282,-1,317,282,318,-1,318,282,284,-1,318,284,319,-1,319,284,286,-1,319,286,320,-1,320,286,288,-1,320,288,321,-1,321,288,290,-1,321,290,322,-1,322,290,292,-1,322,292,323,-1,323,292,294,-1,323,294,324,-1,324,294,296,-1,324,296,325,-1,325,296,298,-1,325,298,326,-1,326,298,300,-1,326,300,327,-1,327,300,302,-1,327,302,328,-1,328,302,304,-1,328,304,329,-1,329,304,306,-1,329,306,330,-1,330,306,308,-1,330,308,331,-1,331,308,310,-1,331,310,332,-1,332,310,312,-1,332,312,333,-1,333,312,314,-1,333,314,334,-1,334,314,268,-1,334,268,335,-1,335,268,270,-1,335,270,336,-1,336,270,272,-1,336,272,337,-1,337,272,274,-1,337,274,338,-1,338,274,276,-1,338,276,339,-1,339,276,278,-1,339,278,316,-1,316,278,280,-1,340,341,342,-1,342,341,343,-1,342,343,344,-1,344,343,345,-1,344,345,346,-1,346,345,347,-1,346,347,348,-1,348,347,349,-1,348,349,350,-1,350,349,351,-1,350,351,352,-1,352,351,353,-1,352,353,354,-1,354,353,355,-1,354,355,356,-1,356,355,357,-1,356,357,358,-1,358,357,359,-1,358,359,360,-1,360,359,361,-1,360,361,362,-1,362,361,363,-1,362,363,364,-1,364,363,365,-1,364,365,366,-1,366,365,367,-1,366,367,368,-1,368,367,369,-1,368,369,370,-1,370,369,371,-1,370,371,372,-1,372,371,373,-1,372,373,374,-1,374,373,375,-1,374,375,376,-1,376,375,377,-1,376,377,378,-1,378,377,379,-1,378,379,380,-1,380,379,381,-1,380,381,382,-1,382,381,383,-1,382,383,384,-1,384,383,385,-1,384,385,386,-1,386,385,387,-1,386,387,340,-1,340,387,341,-1,388,346,389,-1,389,346,348,-1,389,348,390,-1,390,348,350,-1,390,350,391,-1,391,350,352,-1,391,352,392,-1,392,352,354,-1,392,354,393,-1,393,354,356,-1,393,356,394,-1,394,356,358,-1,394,358,395,-1,395,358,360,-1,395,360,396,-1,396,360,362,-1,396,362,397,-1,397,362,364,-1,397,364,398,-1,398,364,366,-1,398,366,399,-1,399,366,368,-1,399,368,400,-1,400,368,370,-1,400,370,401,-1,401,370,372,-1,401,372,402,-1,402,372,374,-1,402,374,403,-1,403,374,376,-1,403,376,404,-1,404,376,378,-1,404,378,405,-1,405,378,380,-1,405,380,406,-1,406,380,382,-1,406,382,407,-1,407,382,384,-1,407,384,408,-1,408,384,386,-1,408,386,409,-1,409,386,340,-1,409,340,410,-1,410,340,342,-1,410,342,411,-1,411,342,344,-1,411,344,388,-1,388,344,346,-1,412,413,414,-1,414,413,415,-1,414,415,416,-1,416,415,417,-1,416,417,418,-1,418,417,419,-1,418,419,420,-1,420,419,421,-1,420,421,422,-1,422,421,423,-1,422,423,424,-1,424,423,425,-1,424,425,426,-1,426,425,427,-1,426,427,428,-1,428,427,429,-1,428,429,430,-1,430,429,431,-1,430,431,432,-1,432,431,433,-1,432,433,434,-1,434,433,435,-1,434,435,436,-1,436,435,437,-1,436,437,438,-1,438,437,439,-1,438,439,440,-1,440,439,441,-1,440,441,442,-1,442,441,443,-1,442,443,444,-1,444,443,445,-1,444,445,446,-1,446,445,447,-1,446,447,448,-1,448,447,449,-1,448,449,450,-1,450,449,451,-1,450,451,452,-1,452,451,453,-1,452,453,454,-1,454,453,455,-1,454,455,456,-1,456,455,457,-1,456,457,458,-1,458,457,459,-1,458,459,412,-1,412,459,413,-1,460,424,461,-1,461,424,426,-1,461,426,462,-1,462,426,428,-1,462,428,463,-1,463,428,430,-1,463,430,464,-1,464,430,432,-1,464,432,465,-1,465,432,434,-1,465,434,466,-1,466,434,436,-1,466,436,467,-1,467,436,438,-1,467,438,468,-1,468,438,440,-1,468,440,469,-1,469,440,442,-1,469,442,470,-1,470,442,444,-1,470,444,471,-1,471,444,446,-1,471,446,472,-1,472,446,448,-1,472,448,473,-1,473,448,450,-1,473,450,474,-1,474,450,452,-1,474,452,475,-1,475,452,454,-1,475,454,476,-1,476,454,456,-1,476,456,477,-1,477,456,458,-1,477,458,478,-1,478,458,412,-1,478,412,479,-1,479,412,414,-1,479,414,480,-1,480,414,416,-1,480,416,481,-1,481,416,418,-1,481,418,482,-1,482,418,420,-1,482,420,483,-1,483,420,422,-1,483,422,460,-1,460,422,424,-1,484,485,486,-1,486,485,487,-1,486,487,488,-1,488,487,489,-1,488,489,490,-1,490,489,491,-1,490,491,492,-1,492,491,493,-1,492,493,494,-1,494,493,495,-1,494,495,496,-1,496,495,497,-1,496,497,498,-1,498,497,499,-1,498,499,500,-1,500,499,501,-1,500,501,502,-1,502,501,503,-1,502,503,504,-1,504,503,505,-1,504,505,506,-1,506,505,507,-1,506,507,508,-1,508,507,509,-1,508,509,510,-1,510,509,511,-1,510,511,512,-1,512,511,513,-1,512,513,514,-1,514,513,515,-1,514,515,516,-1,516,515,517,-1,516,517,518,-1,518,517,519,-1,518,519,520,-1,520,519,521,-1,520,521,522,-1,522,521,523,-1,522,523,524,-1,524,523,525,-1,524,525,526,-1,526,525,527,-1,526,527,528,-1,528,527,529,-1,528,529,530,-1,530,529,531,-1,530,531,484,-1,484,531,485,-1,528,530,532,-1,532,530,484,-1,532,484,486,-1,522,524,532,-1,532,524,526,-1,532,526,528,-1,516,518,532,-1,532,518,520,-1,532,520,522,-1,510,512,532,-1,532,512,514,-1,532,514,516,-1,504,506,532,-1,532,506,508,-1,532,508,510,-1,498,500,532,-1,532,500,502,-1,532,502,504,-1,492,494,532,-1,532,494,496,-1,532,496,498,-1,486,488,532,-1,532,488,490,-1,532,490,492,-1,533,534,535,-1,535,534,536,-1,535,536,537,-1,537,536,538,-1,537,538,539,-1,539,538,540,-1,539,540,541,-1,541,540,542,-1,541,542,543,-1,543,542,544,-1,543,544,545,-1,545,544,546,-1,545,546,547,-1,547,546,548,-1,547,548,549,-1,549,548,550,-1,549,550,551,-1,551,550,552,-1,551,552,553,-1,553,552,554,-1,553,554,555,-1,555,554,556,-1,555,556,557,-1,557,556,558,-1,557,558,559,-1,559,558,560,-1,559,560,561,-1,561,560,562,-1,561,562,563,-1,563,562,564,-1,563,564,565,-1,565,564,566,-1,565,566,567,-1,567,566,568,-1,567,568,569,-1,569,568,570,-1,569,570,571,-1,571,570,572,-1,571,572,573,-1,573,572,574,-1,573,574,575,-1,575,574,576,-1,575,576,577,-1,577,576,578,-1,577,578,579,-1,579,578,580,-1,579,580,533,-1,533,580,534,-1,577,579,581,-1,581,579,533,-1,581,533,535,-1,571,573,581,-1,581,573,575,-1,581,575,577,-1,565,567,581,-1,581,567,569,-1,581,569,571,-1,559,561,581,-1,581,561,563,-1,581,563,565,-1,553,555,581,-1,581,555,557,-1,581,557,559,-1,547,549,581,-1,581,549,551,-1,581,551,553,-1,541,543,581,-1,581,543,545,-1,581,545,547,-1,535,537,581,-1,581,537,539,-1,581,539,541,-1,582,583,584,-1,584,583,585,-1,584,585,586,-1,586,585,587,-1,586,587,588,-1,588,587,589,-1,588,589,590,-1,590,589,591,-1,590,591,592,-1,592,591,593,-1,592,593,594,-1,594,593,595,-1,594,595,596,-1,596,595,597,-1,596,597,598,-1,598,597,599,-1,598,599,600,-1,600,599,601,-1,600,601,602,-1,602,601,603,-1,602,603,604,-1,604,603,605,-1,604,605,606,-1,606,605,607,-1,606,607,608,-1,608,607,609,-1,608,609,610,-1,610,609,611,-1,610,611,612,-1,612,611,613,-1,612,613,614,-1,614,613,615,-1,614,615,616,-1,616,615,617,-1,616,617,618,-1,618,617,619,-1,618,619,620,-1,620,619,621,-1,620,621,622,-1,622,621,623,-1,622,623,624,-1,624,623,625,-1,624,625,626,-1,626,625,627,-1,626,627,628,-1,628,627,629,-1,628,629,582,-1,582,629,583,-1,626,628,630,-1,630,628,582,-1,630,582,584,-1,620,622,630,-1,630,622,624,-1,630,624,626,-1,614,616,630,-1,630,616,618,-1,630,618,620,-1,608,610,630,-1,630,610,612,-1,630,612,614,-1,602,604,630,-1,630,604,606,-1,630,606,608,-1,596,598,630,-1,630,598,600,-1,630,600,602,-1,590,592,630,-1,630,592,594,-1,630,594,596,-1,584,586,630,-1,630,586,588,-1,630,588,590,-1,631,632,633,-1,633,632,634,-1,633,634,635,-1,635,634,636,-1,635,636,637,-1,637,636,638,-1,637,638,639,-1,639,638,640,-1,639,640,641,-1,641,640,642,-1,641,642,643,-1,643,642,644,-1,643,644,645,-1,645,644,646,-1,645,646,647,-1,647,646,648,-1,647,648,649,-1,649,648,650,-1,649,650,651,-1,651,650,652,-1,651,652,653,-1,653,652,654,-1,653,654,655,-1,655,654,656,-1,655,656,657,-1,657,656,658,-1,657,658,659,-1,659,658,660,-1,659,660,661,-1,661,660,662,-1,661,662,663,-1,663,662,664,-1,663,664,665,-1,665,664,666,-1,665,666,667,-1,667,666,668,-1,667,668,669,-1,669,668,670,-1,669,670,671,-1,671,670,672,-1,671,672,673,-1,673,672,674,-1,673,674,675,-1,675,674,676,-1,675,676,677,-1,677,676,678,-1,677,678,631,-1,631,678,632,-1,675,677,679,-1,679,677,631,-1,679,631,633,-1,669,671,679,-1,679,671,673,-1,679,673,675,-1,663,665,679,-1,679,665,667,-1,679,667,669,-1,657,659,679,-1,679,659,661,-1,679,661,663,-1,651,653,679,-1,679,653,655,-1,679,655,657,-1,645,647,679,-1,679,647,649,-1,679,649,651,-1,639,641,679,-1,679,641,643,-1,679,643,645,-1,633,635,679,-1,679,635,637,-1,679,637,639,-1,
        ]
    }
}
Shape{
    appearance Appearance {
        material  Material 	{
            diffuseColor 1.0 1.0 1.0
            specularColor 0.5019607843137255 0.5019607843137255 0.5019607843137255
            ambientIntensity 1.0
            transparency 0.0
            shininess 0.5
        }
    }
    geometry IndexedFaceSet {
        ccw TRUE
        solid FALSE
        coord DEF co Coordinate {
            point [
                -5.5906 0.9843 0.1181, -5.5973 1.0352 -1.9685, -5.5973 1.0352 0.1181, -5.6169 1.0827 -1.9685, -5.6169 1.0827 0.1181, -5.6482 1.1234 -1.9685, -5.6482 1.1234 0.1181, -5.689 1.1547 -1.9685, -5.689 1.1547 0.1181, -5.7365 1.1744 -1.9685, -5.7365 1.1744 0.1181, -5.7874 1.1811 -1.9685, -5.7874 1.1811 0.1181, -5.8384 1.1744 -1.9685, -5.8384 1.1744 0.1181, -5.8858 1.1547 -1.9685, -5.8858 1.1547 0.1181, -5.9266 1.1234 -1.9685, -5.9266 1.1234 0.1181, -5.9579 1.0827 -1.9685, -5.9579 1.0827 0.1181, -5.9775 1.0352 -1.9685, -5.9775 1.0352 0.1181, -5.9843 0.9843 -1.9685, -5.9843 0.9843 0.1181, -5.9775 0.9333 -1.9685, -5.9775 0.9333 0.1181, -5.9579 0.8858 -1.9685, -5.9579 0.8858 0.1181, -5.9266 0.8451 -1.9685, -5.9266 0.8451 0.1181, -5.8858 0.8138 -1.9685, -5.8858 0.8138 0.1181, -5.8384 0.7941 -1.9685, -5.8384 0.7941 0.1181, -5.7874 0.7874 -1.9685, -5.7874 0.7874 0.1181, -5.7365 0.7941 -1.9685, -5.7365 0.7941 0.1181, -5.689 0.8138 -1.9685, -5.689 0.8138 0.1181, -5.6482 0.8451 -1.9685, -5.6482 0.8451 0.1181, -5.6169 0.8858 -1.9685, -5.6169 0.8858 0.1181, -5.5973 0.9333 -1.9685, -5.5973 0.9333 0.1181, -5.5906 0.9843 -1.9685, -5.7874 0.9843 -1.9685, -5.5906 -0.9843 0.1181, -5.5973 -0.9333 -1.9685, -5.5973 -0.9333 0.1181, -5.6169 -0.8858 -1.9685, -5.6169 -0.8858 0.1181, -5.6482 -0.8451 -1.9685, -5.6482 -0.8451 0.1181, -5.689 -0.8138 -1.9685, -5.689 -0.8138 0.1181, -5.7365 -0.7941 -1.9685, -5.7365 -0.7941 0.1181, -5.7874 -0.7874 -1.9685, -5.7874 -0.7874 0.1181, -5.8384 -0.7941 -1.9685, -5.8384 -0.7941 0.1181, -5.8858 -0.8138 -1.9685, -5.8858 -0.8138 0.1181, -5.9266 -0.8451 -1.9685, -5.9266 -0.8451 0.1181, -5.9579 -0.8858 -1.9685, -5.9579 -0.8858 0.1181, -5.9775 -0.9333 -1.9685, -5.9775 -0.9333 0.1181, -5.9843 -0.9843 -1.9685, -5.9843 -0.9843 0.1181, -5.9775 -1.0352 -1.9685, -5.9775 -1.0352 0.1181, -5.9579 -1.0827 -1.9685, -5.9579 -1.0827 0.1181, -5.9266 -1.1234 -1.9685, -5.9266 -1.1234 0.1181, -5.8858 -1.1547 -1.9685, -5.8858 -1.1547 0.1181, -5.8384 -1.1744 -1.9685, -5.8384 -1.1744 0.1181, -5.7874 -1.1811 -1.9685, -5.7874 -1.1811 0.1181, -5.7365 -1.1744 -1.9685, -5.7365 -1.1744 0.1181, -5.689 -1.1547 -1.9685, -5.689 -1.1547 0.1181, -5.6482 -1.1234 -1.9685, -5.6482 -1.1234 0.1181, -5.6169 -1.0827 -1.9685, -5.6169 -1.0827 0.1181, -5.5973 -1.0352 -1.9685, -5.5973 -1.0352 0.1181, -5.5906 -0.9843 -1.9685, -5.7874 -0.9843 -1.9685, 5.9843 3.0315 0.1181, 5.9775 3.0824 -1.9685, 5.9775 3.0824 0.1181, 5.9579 3.1299 -1.9685, 5.9579 3.1299 0.1181, 5.9266 3.1707 -1.9685, 5.9266 3.1707 0.1181, 5.8858 3.202 -1.9685, 5.8858 3.202 0.1181, 5.8384 3.2216 -1.9685, 5.8384 3.2216 0.1181, 5.7874 3.2283 -1.9685, 5.7874 3.2283 0.1181, 5.7365 3.2216 -1.9685, 5.7365 3.2216 0.1181, 5.689 3.202 -1.9685, 5.689 3.202 0.1181, 5.6482 3.1707 -1.9685, 5.6482 3.1707 0.1181, 5.6169 3.1299 -1.9685, 5.6169 3.1299 0.1181, 5.5973 3.0824 -1.9685, 5.5973 3.0824 0.1181, 5.5906 3.0315 -1.9685, 5.5906 3.0315 0.1181, 5.5973 2.9805 -1.9685, 5.5973 2.9805 0.1181, 5.6169 2.9331 -1.9685, 5.6169 2.9331 0.1181, 5.6482 2.8923 -1.9685, 5.6482 2.8923 0.1181, 5.689 2.861 -1.9685, 5.689 2.861 0.1181, 5.7365 2.8414 -1.9685, 5.7365 2.8414 0.1181, 5.7874 2.8346 -1.9685, 5.7874 2.8346 0.1181, 5.8384 2.8414 -1.9685, 5.8384 2.8414 0.1181, 5.8858 2.861 -1.9685, 5.8858 2.861 0.1181, 5.9266 2.8923 -1.9685, 5.9266 2.8923 0.1181, 5.9579 2.9331 -1.9685, 5.9579 2.9331 0.1181, 5.9775 2.9805 -1.9685, 5.9775 2.9805 0.1181, 5.9843 3.0315 -1.9685, 5.7874 3.0315 -1.9685, 5.9843 -3.0315 0.1181, 5.9775 -2.9805 -1.9685, 5.9775 -2.9805 0.1181, 5.9579 -2.9331 -1.9685, 5.9579 -2.9331 0.1181, 5.9266 -2.8923 -1.9685, 5.9266 -2.8923 0.1181, 5.8858 -2.861 -1.9685, 5.8858 -2.861 0.1181, 5.8384 -2.8414 -1.9685, 5.8384 -2.8414 0.1181, 5.7874 -2.8346 -1.9685, 5.7874 -2.8346 0.1181, 5.7365 -2.8414 -1.9685, 5.7365 -2.8414 0.1181, 5.689 -2.861 -1.9685, 5.689 -2.861 0.1181, 5.6482 -2.8923 -1.9685, 5.6482 -2.8923 0.1181, 5.6169 -2.9331 -1.9685, 5.6169 -2.9331 0.1181, 5.5973 -2.9805 -1.9685, 5.5973 -2.9805 0.1181, 5.5906 -3.0315 -1.9685, 5.5906 -3.0315 0.1181, 5.5973 -3.0824 -1.9685, 5.5973 -3.0824 0.1181, 5.6169 -3.1299 -1.9685, 5.6169 -3.1299 0.1181, 5.6482 -3.1707 -1.9685, 5.6482 -3.1707 0.1181, 5.689 -3.202 -1.9685, 5.689 -3.202 0.1181, 5.7365 -3.2216 -1.9685, 5.7365 -3.2216 0.1181, 5.7874 -3.2283 -1.9685, 5.7874 -3.2283 0.1181, 5.8384 -3.2216 -1.9685, 5.8384 -3.2216 0.1181, 5.8858 -3.202 -1.9685, 5.8858 -3.202 0.1181, 5.9266 -3.1707 -1.9685, 5.9266 -3.1707 0.1181, 5.9579 -3.1299 -1.9685, 5.9579 -3.1299 0.1181, 5.9775 -3.0824 -1.9685, 5.9775 -3.0824 0.1181, 5.9843 -3.0315 -1.9685, 5.7874 -3.0315 -1.9685
            ]
        }
        coordIndex [
            0,1,2,-1,2,1,3,-1,2,3,4,-1,4,3,5,-1,4,5,6,-1,6,5,7,-1,6,7,8,-1,8,7,9,-1,8,9,10,-1,10,9,11,-1,10,11,12,-1,12,11,13,-1,12,13,14,-1,14,13,15,-1,14,15,16,-1,16,15,17,-1,16,17,18,-1,18,17,19,-1,18,19,20,-1,20,19,21,-1,20,21,22,-1,22,21,23,-1,22,23,24,-1,24,23,25,-1,24,25,26,-1,26,25,27,-1,26,27,28,-1,28,27,29,-1,28,29,30,-1,30,29,31,-1,30,31,32,-1,32,31,33,-1,32,33,34,-1,34,33,35,-1,34,35,36,-1,36,35,37,-1,36,37,38,-1,38,37,39,-1,38,39,40,-1,40,39,41,-1,40,41,42,-1,42,41,43,-1,42,43,44,-1,44,43,45,-1,44,45,46,-1,46,45,47,-1,46,47,0,-1,0,47,1,-1,27,25,48,-1,48,25,23,-1,48,23,21,-1,33,31,48,-1,48,31,29,-1,48,29,27,-1,39,37,48,-1,48,37,35,-1,48,35,33,-1,45,43,48,-1,48,43,41,-1,48,41,39,-1,3,1,48,-1,48,1,47,-1,48,47,45,-1,9,7,48,-1,48,7,5,-1,48,5,3,-1,15,13,48,-1,48,13,11,-1,48,11,9,-1,21,19,48,-1,48,19,17,-1,48,17,15,-1,49,50,51,-1,51,50,52,-1,51,52,53,-1,53,52,54,-1,53,54,55,-1,55,54,56,-1,55,56,57,-1,57,56,58,-1,57,58,59,-1,59,58,60,-1,59,60,61,-1,61,60,62,-1,61,62,63,-1,63,62,64,-1,63,64,65,-1,65,64,66,-1,65,66,67,-1,67,66,68,-1,67,68,69,-1,69,68,70,-1,69,70,71,-1,71,70,72,-1,71,72,73,-1,73,72,74,-1,73,74,75,-1,75,74,76,-1,75,76,77,-1,77,76,78,-1,77,78,79,-1,79,78,80,-1,79,80,81,-1,81,80,82,-1,81,82,83,-1,83,82,84,-1,83,84,85,-1,85,84,86,-1,85,86,87,-1,87,86,88,-1,87,88,89,-1,89,88,90,-1,89,90,91,-1,91,90,92,-1,91,92,93,-1,93,92,94,-1,93,94,95,-1,95,94,96,-1,95,96,49,-1,49,96,50,-1,76,74,97,-1,97,74,72,-1,97,72,70,-1,82,80,97,-1,97,80,78,-1,97,78,76,-1,88,86,97,-1,97,86,84,-1,97,84,82,-1,94,92,97,-1,97,92,90,-1,97,90,88,-1,52,50,97,-1,97,50,96,-1,97,96,94,-1,58,56,97,-1,97,56,54,-1,97,54,52,-1,64,62,97,-1,97,62,60,-1,97,60,58,-1,70,68,97,-1,97,68,66,-1,97,66,64,-1,98,99,100,-1,100,99,101,-1,100,101,102,-1,102,101,103,-1,102,103,104,-1,104,103,105,-1,104,105,106,-1,106,105,107,-1,106,107,108,-1,108,107,109,-1,108,109,110,-1,110,109,111,-1,110,111,112,-1,112,111,113,-1,112,113,114,-1,114,113,115,-1,114,115,116,-1,116,115,117,-1,116,117,118,-1,118,117,119,-1,118,119,120,-1,120,119,121,-1,120,121,122,-1,122,121,123,-1,122,123,124,-1,124,123,125,-1,124,125,126,-1,126,125,127,-1,126,127,128,-1,128,127,129,-1,128,129,130,-1,130,129,131,-1,130,131,132,-1,132,131,133,-1,132,133,134,-1,134,133,135,-1,134,135,136,-1,136,135,137,-1,136,137,138,-1,138,137,139,-1,138,139,140,-1,140,139,141,-1,140,141,142,-1,142,141,143,-1,142,143,144,-1,144,143,145,-1,144,145,98,-1,98,145,99,-1,125,123,146,-1,146,123,121,-1,146,121,119,-1,131,129,146,-1,146,129,127,-1,146,127,125,-1,137,135,146,-1,146,135,133,-1,146,133,131,-1,143,141,146,-1,146,141,139,-1,146,139,137,-1,101,99,146,-1,146,99,145,-1,146,145,143,-1,107,105,146,-1,146,105,103,-1,146,103,101,-1,113,111,146,-1,146,111,109,-1,146,109,107,-1,119,117,146,-1,146,117,115,-1,146,115,113,-1,147,148,149,-1,149,148,150,-1,149,150,151,-1,151,150,152,-1,151,152,153,-1,153,152,154,-1,153,154,155,-1,155,154,156,-1,155,156,157,-1,157,156,158,-1,157,158,159,-1,159,158,160,-1,159,160,161,-1,161,160,162,-1,161,162,163,-1,163,162,164,-1,163,164,165,-1,165,164,166,-1,165,166,167,-1,167,166,168,-1,167,168,169,-1,169,168,170,-1,169,170,171,-1,171,170,172,-1,171,172,173,-1,173,172,174,-1,173,174,175,-1,175,174,176,-1,175,176,177,-1,177,176,178,-1,177,178,179,-1,179,178,180,-1,179,180,181,-1,181,180,182,-1,181,182,183,-1,183,182,184,-1,183,184,185,-1,185,184,186,-1,185,186,187,-1,187,186,188,-1,187,188,189,-1,189,188,190,-1,189,190,191,-1,191,190,192,-1,191,192,193,-1,193,192,194,-1,193,194,147,-1,147,194,148,-1,174,172,195,-1,195,172,170,-1,195,170,168,-1,180,178,195,-1,195,178,176,-1,195,176,174,-1,186,184,195,-1,195,184,182,-1,195,182,180,-1,192,190,195,-1,195,190,188,-1,195,188,186,-1,150,148,195,-1,195,148,194,-1,195,194,192,-1,156,154,195,-1,195,154,152,-1,195,152,150,-1,162,160,195,-1,195,160,158,-1,195,158,156,-1,168,166,195,-1,195,166,164,-1,195,164,162,-1,
        ]
    }
}
Shape{
    appearance Appearance {
        material  Material 	{
            diffuseColor 0.25098039215686274 0.25098039215686274 0.25098039215686274
            specularColor 0.12549019607843137 0.12549019607843137 0.12549019607843137
            ambientIntensity 0.251
            transparency 0.0
            shininess 0.5
        }
    }
    geometry IndexedFaceSet {
        ccw TRUE
        solid FALSE
        coord DEF co Coordinate {
            point [
                -6.7606 0.1344 8.8583, -6.7606 3.9606 8.8583, -6.7708 3.9606 8.8569, -6.7606 -3.9606 8.8583, -6.7606 -1.9851 8.8583, -6.7708 -3.9606 8.8569, -6.7803 3.9606 8.853, -6.7803 -3.9606 8.853, -6.7885 3.9606 8.8467, -6.7885 -3.9606 8.8467, -6.7947 3.9606 8.8386, -6.7947 -3.9606 8.8386, -6.7987 3.9606 8.8291, -6.7987 -3.9606 8.8291, -6.8 3.9606 8.8189, -6.8 -3.9606 8.8189, -6.7606 -4.0 8.8189, -6.7606 -3.9987 8.8291, -6.7705 -3.9974 8.8291, -6.7705 -3.9777 8.853, -6.7657 -3.9695 8.8569, -6.7678 -3.9678 8.8569, -6.7705 -3.9633 8.8569, -6.7633 -3.9705 8.8569, -6.7657 -3.9796 8.853, -6.7678 -3.9875 8.8467, -6.7606 -3.9708 8.8569, -6.7745 -3.9745 8.853, -6.7695 -3.9657 8.8569, -6.7777 -3.9705 8.853, -6.7796 -3.9657 8.853, -6.7606 -3.9803 8.853, -6.7606 -3.9885 8.8467, -6.7606 -3.9947 8.8386, -6.7745 -3.9847 8.8467, -6.7803 -3.9803 8.8467, -6.7847 -3.9745 8.8467, -6.7875 -3.9678 8.8467, -6.7695 -3.9936 8.8386, -6.7777 -3.9902 8.8386, -6.7847 -3.9847 8.8386, -6.7902 -3.9777 8.8386, -6.7936 -3.9695 8.8386, -6.7796 -3.9936 8.8291, -6.7875 -3.9875 8.8291, -6.7936 -3.9796 8.8291, -6.7974 -3.9705 8.8291, -6.7708 -3.9987 8.8189, -6.7803 -3.9947 8.8189, -6.7885 -3.9885 8.8189, -6.7947 -3.9803 8.8189, -6.7987 -3.9708 8.8189, -6.7974 3.9705 8.8291, -6.7777 3.9705 8.853, -6.7695 3.9657 8.8569, -6.7678 3.9678 8.8569, -6.7606 3.9708 8.8569, -6.7633 3.9705 8.8569, -6.7705 3.9633 8.8569, -6.7796 3.9657 8.853, -6.7875 3.9678 8.8467, -6.7745 3.9745 8.853, -6.7657 3.9695 8.8569, -6.7705 3.9777 8.853, -6.7657 3.9796 8.853, -6.7606 3.9803 8.853, -6.7847 3.9745 8.8467, -6.7803 3.9803 8.8467, -6.7745 3.9847 8.8467, -6.7678 3.9875 8.8467, -6.7606 3.9885 8.8467, -6.7936 3.9695 8.8386, -6.7902 3.9777 8.8386, -6.7847 3.9847 8.8386, -6.7777 3.9902 8.8386, -6.7695 3.9936 8.8386, -6.7606 3.9947 8.8386, -6.7936 3.9796 8.8291, -6.7875 3.9875 8.8291, -6.7796 3.9936 8.8291, -6.7705 3.9974 8.8291, -6.7606 3.9987 8.8291, -6.7987 3.9708 8.8189, -6.7947 3.9803 8.8189, -6.7885 3.9885 8.8189, -6.7803 3.9947 8.8189, -6.7708 3.9987 8.8189, -6.7606 4.0 8.8189, -6.8 -3.9606 0.0394, -6.799 -3.9694 0.0394, -6.7985 -3.9708 0.0394, -6.7961 -3.9777 0.0394, -6.7945 -3.9802 0.0394, -6.7914 -3.9852 0.0394, -6.7883 -3.9883 0.0394, -6.7852 -3.9914 0.0394, -6.7802 -3.9945 0.0394, -6.7777 -3.9961 0.0394, -6.7708 -3.9985 0.0394, -6.7694 -3.999 0.0394, -6.7606 -4.0 0.0394, 6.7606 -3.9708 8.8569, 6.7606 -3.9606 8.8583, 2.0693 -3.9606 8.8583, 1.4164 -3.9606 8.8583, 0.4609 -3.9606 8.8583, -0.192 -3.9606 8.8583, -0.6194 -3.9606 8.8583, -1.2771 -3.9606 8.8583, -1.8437 -3.9606 8.8583, -4.655 -3.9606 8.8583, 6.7606 -3.9803 8.853, 6.7606 -3.9885 8.8467, 6.7606 -3.9947 8.8386, 6.7606 -3.9987 8.8291, 6.7606 -4.0 8.8189, 6.7606 -1.9851 8.8583, 6.7708 -3.9606 8.8569, 6.7708 3.9606 8.8569, 6.7606 3.9606 8.8583, 6.7606 0.1344 8.8583, 6.7803 -3.9606 8.853, 6.7803 3.9606 8.853, 6.7885 -3.9606 8.8467, 6.7885 3.9606 8.8467, 6.7947 -3.9606 8.8386, 6.7947 3.9606 8.8386, 6.7987 -3.9606 8.8291, 6.7987 3.9606 8.8291, 6.8 -3.9606 8.8189, 6.8 3.9606 8.8189, -4.655 3.9606 8.8583, -1.8437 3.9606 8.8583, -1.2771 3.9606 8.8583, -0.6194 3.9606 8.8583, -0.192 3.9606 8.8583, 0.4609 3.9606 8.8583, 1.4164 3.9606 8.8583, 6.7606 3.9708 8.8569, 2.0693 3.9606 8.8583, 6.7606 3.9803 8.853, 6.7606 3.9885 8.8467, 6.7606 3.9947 8.8386, 6.7606 3.9987 8.8291, 6.7606 4.0 8.8189, -6.7606 4.0 0.0394, -6.7694 3.999 0.0394, -6.7708 3.9985 0.0394, -6.7777 3.9961 0.0394, -6.7802 3.9945 0.0394, -6.7852 3.9914 0.0394, -6.7883 3.9883 0.0394, -6.7914 3.9852 0.0394, -6.7945 3.9802 0.0394, -6.7961 3.9777 0.0394, -6.7985 3.9708 0.0394, -6.799 3.9694 0.0394, -6.8 3.9606 0.0394, -6.7606 3.9606 0.0, -6.7606 -3.9606 0.0, -6.7708 -3.9606 0.0013, -6.7708 3.9606 0.0013, -6.7803 -3.9606 0.0053, -6.7803 3.9606 0.0053, -6.7885 -3.9606 0.0115, -6.7885 3.9606 0.0115, -6.7947 -3.9606 0.0197, -6.7947 3.9606 0.0197, -6.7987 -3.9606 0.0292, -6.7987 3.9606 0.0292, -6.7706 -3.9629 0.0013, -6.7698 -3.9651 0.0013, -6.7686 -3.967 0.0013, -6.767 -3.9686 0.0013, -6.7651 -3.9698 0.0013, -6.7629 -3.9706 0.0013, -6.7606 -3.9708 0.0013, -6.7606 -3.9803 0.0053, -6.765 -3.9798 0.0053, -6.7606 -3.9885 0.0115, -6.7668 -3.9878 0.0115, -6.7606 -3.9947 0.0197, -6.7682 -3.9939 0.0197, -6.7606 -3.9987 0.0292, -6.7691 -3.9977 0.0292, -6.7771 -3.9949 0.0292, -6.7843 -3.9904 0.0292, -6.7904 -3.9843 0.0292, -6.7949 -3.9771 0.0292, -6.7977 -3.9691 0.0292, -6.7754 -3.9913 0.0197, -6.7819 -3.9873 0.0197, -6.7873 -3.9819 0.0197, -6.7913 -3.9754 0.0197, -6.7939 -3.9682 0.0197, -6.7727 -3.9857 0.0115, -6.778 -3.9824 0.0115, -6.7824 -3.978 0.0115, -6.7857 -3.9727 0.0115, -6.7878 -3.9668 0.0115, -6.7692 -3.9784 0.0053, -6.7729 -3.976 0.0053, -6.776 -3.9729 0.0053, -6.7784 -3.9692 0.0053, -6.7798 -3.965 0.0053, 6.7974 -3.9705 8.8291, 6.7777 -3.9705 8.853, 6.7695 -3.9657 8.8569, 6.7678 -3.9678 8.8569, 6.7633 -3.9705 8.8569, 6.7705 -3.9633 8.8569, 6.7796 -3.9657 8.853, 6.7875 -3.9678 8.8467, 6.7745 -3.9745 8.853, 6.7657 -3.9695 8.8569, 6.7705 -3.9777 8.853, 6.7657 -3.9796 8.853, 6.7847 -3.9745 8.8467, 6.7803 -3.9803 8.8467, 6.7745 -3.9847 8.8467, 6.7678 -3.9875 8.8467, 6.7936 -3.9695 8.8386, 6.7902 -3.9777 8.8386, 6.7847 -3.9847 8.8386, 6.7777 -3.9902 8.8386, 6.7695 -3.9936 8.8386, 6.7936 -3.9796 8.8291, 6.7875 -3.9875 8.8291, 6.7796 -3.9936 8.8291, 6.7705 -3.9974 8.8291, 6.7987 -3.9708 8.8189, 6.7947 -3.9803 8.8189, 6.7885 -3.9885 8.8189, 6.7803 -3.9947 8.8189, 6.7708 -3.9987 8.8189, 6.7705 3.9974 8.8291, 6.7705 3.9777 8.853, 6.7657 3.9695 8.8569, 6.7678 3.9678 8.8569, 6.7705 3.9633 8.8569, 6.7633 3.9705 8.8569, 6.7657 3.9796 8.853, 6.7678 3.9875 8.8467, 6.7745 3.9745 8.853, 6.7695 3.9657 8.8569, 6.7777 3.9705 8.853, 6.7796 3.9657 8.853, 6.7745 3.9847 8.8467, 6.7803 3.9803 8.8467, 6.7847 3.9745 8.8467, 6.7875 3.9678 8.8467, 6.7695 3.9936 8.8386, 6.7777 3.9902 8.8386, 6.7847 3.9847 8.8386, 6.7902 3.9777 8.8386, 6.7936 3.9695 8.8386, 6.7796 3.9936 8.8291, 6.7875 3.9875 8.8291, 6.7936 3.9796 8.8291, 6.7974 3.9705 8.8291, 6.7708 3.9987 8.8189, 6.7803 3.9947 8.8189, 6.7885 3.9885 8.8189, 6.7947 3.9803 8.8189, 6.7987 3.9708 8.8189, -6.7606 3.9694 0.0012, -6.7629 3.9706 0.0013, -6.7771 3.9949 0.0292, -6.7843 3.9904 0.0292, -6.7904 3.9843 0.0292, -6.7949 3.9771 0.0292, -6.7606 3.9988 0.0306, -6.7691 3.9977 0.0292, -6.7606 3.9987 0.0292, -6.7606 3.9958 0.0224, -6.7682 3.9939 0.0197, -6.7606 3.9947 0.0197, -6.7606 3.9911 0.015, -6.7668 3.9878 0.0115, -6.7606 3.9885 0.0115, -6.7606 3.985 0.0089, -6.765 3.9798 0.0053, -6.7977 3.9691 0.0292, -6.7939 3.9682 0.0197, -6.7878 3.9668 0.0115, -6.7798 3.965 0.0053, -6.7706 3.9629 0.0013, -6.7913 3.9754 0.0197, -6.7873 3.9819 0.0197, -6.7857 3.9727 0.0115, -6.7824 3.978 0.0115, -6.7784 3.9692 0.0053, -6.776 3.9729 0.0053, -6.7698 3.9651 0.0013, -6.7686 3.967 0.0013, -6.7819 3.9873 0.0197, -6.778 3.9824 0.0115, -6.7729 3.976 0.0053, -6.767 3.9686 0.0013, -6.7754 3.9913 0.0197, -6.7727 3.9857 0.0115, -6.7692 3.9784 0.0053, -6.7651 3.9698 0.0013, -6.7606 3.9803 0.0053, -6.7606 3.9776 0.0042, -6.7606 3.9708 0.0013, 6.7606 -3.9606 0.0, 6.7606 -3.9708 0.0013, 6.7606 -3.9803 0.0053, 6.7606 -3.9885 0.0115, 6.7606 -3.9947 0.0197, 6.7606 -3.9987 0.0292, 6.7606 -4.0 0.0394, 6.7708 -3.9987 0.0394, 6.7803 -3.9947 0.0394, 6.7885 -3.9885 0.0394, 6.7947 -3.9803 0.0394, 6.7987 -3.9708 0.0394, 6.8 -3.9606 0.0394, 6.8 3.9606 0.0394, 6.7987 3.9708 0.0394, 6.7947 3.9803 0.0394, 6.7885 3.9885 0.0394, 6.7803 3.9947 0.0394, 6.7708 3.9987 0.0394, 6.7606 4.0 0.0394, 6.7606 3.9606 0.0, 6.7606 3.9694 0.0012, 6.7606 3.9708 0.0013, 6.7606 3.9776 0.0042, 6.7606 3.9803 0.0053, 6.7606 3.985 0.0089, 6.7606 3.9885 0.0115, 6.7606 3.9911 0.015, 6.7606 3.9947 0.0197, 6.7606 3.9958 0.0224, 6.7606 3.9987 0.0292, 6.7606 3.9988 0.0306, 6.7974 -3.9705 0.0292, 6.7936 -3.9796 0.0292, 6.7936 -3.9695 0.0197, 6.7902 -3.9777 0.0197, 6.7875 -3.9678 0.0115, 6.7847 -3.9745 0.0115, 6.7796 -3.9657 0.0053, 6.7777 -3.9705 0.0053, 6.7705 -3.9633 0.0013, 6.7695 -3.9657 0.0013, 6.7875 -3.9875 0.0292, 6.7847 -3.9847 0.0197, 6.7803 -3.9803 0.0115, 6.7745 -3.9745 0.0053, 6.7678 -3.9678 0.0013, 6.7987 -3.9606 0.0292, 6.7947 -3.9606 0.0197, 6.7885 -3.9606 0.0115, 6.7803 -3.9606 0.0053, 6.7708 -3.9606 0.0013, 6.7796 -3.9936 0.0292, 6.7705 -3.9974 0.0292, 6.7777 -3.9902 0.0197, 6.7695 -3.9936 0.0197, 6.7745 -3.9847 0.0115, 6.7678 -3.9875 0.0115, 6.7705 -3.9777 0.0053, 6.7657 -3.9796 0.0053, 6.7657 -3.9695 0.0013, 6.7633 -3.9705 0.0013, 6.7678 3.9678 0.0013, 6.7695 3.9657 0.0013, 6.7657 3.9796 0.0053, 6.7678 3.9875 0.0115, 6.7974 3.9705 0.0292, 6.7875 3.9875 0.0292, 6.7705 3.9974 0.0292, 6.7796 3.9936 0.0292, 6.7777 3.9902 0.0197, 6.7695 3.9936 0.0197, 6.7947 3.9606 0.0197, 6.7885 3.9606 0.0115, 6.7875 3.9678 0.0115, 6.7745 3.9847 0.0115, 6.7847 3.9847 0.0197, 6.7936 3.9796 0.0292, 6.7796 3.9657 0.0053, 6.7777 3.9705 0.0053, 6.7902 3.9777 0.0197, 6.7803 3.9803 0.0115, 6.7705 3.9777 0.0053, 6.7633 3.9705 0.0013, 6.7705 3.9633 0.0013, 6.7803 3.9606 0.0053, 6.7708 3.9606 0.0013, 6.7987 3.9606 0.0292, 6.7936 3.9695 0.0197, 6.7847 3.9745 0.0115, 6.7745 3.9745 0.0053, 6.7657 3.9695 0.0013
            ]
        }
        coordIndex [
            0,1,2,-1,3,4,5,-1,5,4,0,-1,0,2,5,-1,5,2,6,-1,5,6,7,-1,7,6,8,-1,7,8,9,-1,9,8,10,-1,9,10,11,-1,11,10,12,-1,11,12,13,-1,13,12,14,-1,13,14,15,-1,16,17,18,-1,19,20,21,-1,3,5,22,-1,21,20,3,-1,23,3,20,-1,23,20,24,-1,24,20,19,-1,24,19,25,-1,26,3,23,-1,27,28,29,-1,29,28,22,-1,29,22,30,-1,30,22,5,-1,30,5,7,-1,26,23,31,-1,31,23,24,-1,31,24,32,-1,32,24,25,-1,32,25,33,-1,34,27,35,-1,35,27,29,-1,35,29,36,-1,36,29,30,-1,36,30,37,-1,37,30,7,-1,37,7,9,-1,38,34,39,-1,39,34,35,-1,39,35,40,-1,40,35,36,-1,40,36,41,-1,41,36,37,-1,41,37,42,-1,42,37,9,-1,42,9,11,-1,17,38,18,-1,18,38,39,-1,18,39,43,-1,43,39,40,-1,43,40,44,-1,44,40,41,-1,44,41,45,-1,45,41,42,-1,45,42,46,-1,46,42,11,-1,46,11,13,-1,16,18,47,-1,47,18,43,-1,47,43,48,-1,48,43,44,-1,48,44,49,-1,49,44,45,-1,49,45,50,-1,50,45,46,-1,50,46,51,-1,51,46,13,-1,51,13,15,-1,28,3,22,-1,17,33,38,-1,38,33,25,-1,38,25,34,-1,34,25,19,-1,34,19,27,-1,27,19,21,-1,27,21,28,-1,28,21,3,-1,14,12,52,-1,53,54,55,-1,1,56,57,-1,55,54,1,-1,58,1,54,-1,58,54,59,-1,59,54,53,-1,59,53,60,-1,2,1,58,-1,61,62,63,-1,63,62,57,-1,63,57,64,-1,64,57,56,-1,64,56,65,-1,2,58,6,-1,6,58,59,-1,6,59,8,-1,8,59,60,-1,8,60,10,-1,66,61,67,-1,67,61,63,-1,67,63,68,-1,68,63,64,-1,68,64,69,-1,69,64,65,-1,69,65,70,-1,71,66,72,-1,72,66,67,-1,72,67,73,-1,73,67,68,-1,73,68,74,-1,74,68,69,-1,74,69,75,-1,75,69,70,-1,75,70,76,-1,12,71,52,-1,52,71,72,-1,52,72,77,-1,77,72,73,-1,77,73,78,-1,78,73,74,-1,78,74,79,-1,79,74,75,-1,79,75,80,-1,80,75,76,-1,80,76,81,-1,14,52,82,-1,82,52,77,-1,82,77,83,-1,83,77,78,-1,83,78,84,-1,84,78,79,-1,84,79,85,-1,85,79,80,-1,85,80,86,-1,86,80,81,-1,86,81,87,-1,62,1,57,-1,12,10,71,-1,71,10,60,-1,71,60,66,-1,66,60,53,-1,66,53,61,-1,61,53,55,-1,61,55,62,-1,62,55,1,-1,88,89,15,-1,15,89,51,-1,89,90,51,-1,51,90,91,-1,51,91,50,-1,91,92,50,-1,50,92,93,-1,50,93,49,-1,49,93,94,-1,49,94,48,-1,94,95,48,-1,48,95,96,-1,48,96,47,-1,96,97,47,-1,47,97,98,-1,47,98,16,-1,16,98,99,-1,16,99,100,-1,101,102,103,-1,103,104,101,-1,101,104,105,-1,101,105,106,-1,106,107,26,-1,26,107,108,-1,108,109,26,-1,26,109,110,-1,26,110,3,-1,106,26,101,-1,101,26,31,-1,101,31,111,-1,111,31,32,-1,111,32,112,-1,112,32,33,-1,112,33,113,-1,113,33,17,-1,113,17,114,-1,114,17,16,-1,114,16,115,-1,116,102,117,-1,118,119,120,-1,116,117,120,-1,120,117,118,-1,118,117,121,-1,118,121,122,-1,122,121,123,-1,122,123,124,-1,124,123,125,-1,124,125,126,-1,126,125,127,-1,126,127,128,-1,128,127,129,-1,128,129,130,-1,1,131,56,-1,56,131,132,-1,56,132,133,-1,133,134,56,-1,56,134,135,-1,56,135,136,-1,136,137,138,-1,138,137,139,-1,138,139,119,-1,136,138,56,-1,56,138,140,-1,56,140,65,-1,65,140,141,-1,65,141,70,-1,70,141,142,-1,70,142,76,-1,76,142,143,-1,76,143,81,-1,81,143,144,-1,81,144,87,-1,145,146,87,-1,87,146,86,-1,146,147,86,-1,86,147,148,-1,86,148,85,-1,148,149,85,-1,85,149,150,-1,85,150,84,-1,84,150,151,-1,84,151,83,-1,151,152,83,-1,83,152,153,-1,83,153,82,-1,153,154,82,-1,82,154,155,-1,82,155,14,-1,14,155,156,-1,14,156,157,-1,158,159,160,-1,158,160,161,-1,161,160,162,-1,161,162,163,-1,163,162,164,-1,163,164,165,-1,165,164,166,-1,165,166,167,-1,167,166,168,-1,167,168,169,-1,169,168,88,-1,169,88,157,-1,170,160,159,-1,170,159,171,-1,172,171,159,-1,173,172,159,-1,174,173,159,-1,175,174,159,-1,176,175,159,-1,176,177,178,-1,177,179,180,-1,179,181,182,-1,181,183,184,-1,183,100,99,-1,183,99,184,-1,184,99,98,-1,184,98,185,-1,98,97,185,-1,185,97,96,-1,185,96,186,-1,96,95,186,-1,186,95,94,-1,186,94,187,-1,94,93,187,-1,187,93,92,-1,187,92,188,-1,92,91,188,-1,188,91,90,-1,188,90,189,-1,90,89,189,-1,189,89,88,-1,189,88,168,-1,181,184,182,-1,182,184,185,-1,182,185,190,-1,190,185,186,-1,190,186,191,-1,191,186,187,-1,191,187,192,-1,192,187,188,-1,192,188,193,-1,193,188,189,-1,193,189,194,-1,194,189,168,-1,194,168,166,-1,179,182,180,-1,180,182,190,-1,180,190,195,-1,195,190,191,-1,195,191,196,-1,196,191,192,-1,196,192,197,-1,197,192,193,-1,197,193,198,-1,198,193,194,-1,198,194,199,-1,199,194,166,-1,199,166,164,-1,177,180,178,-1,178,180,195,-1,178,195,200,-1,200,195,196,-1,200,196,201,-1,201,196,197,-1,201,197,202,-1,202,197,198,-1,202,198,203,-1,203,198,199,-1,203,199,204,-1,204,199,164,-1,204,164,162,-1,176,178,175,-1,175,178,200,-1,175,200,174,-1,174,200,201,-1,174,201,173,-1,173,201,202,-1,173,202,172,-1,172,202,203,-1,172,203,171,-1,171,203,204,-1,171,204,170,-1,170,204,162,-1,170,162,160,-1,129,127,205,-1,206,207,208,-1,102,101,209,-1,208,207,102,-1,210,102,207,-1,210,207,211,-1,211,207,206,-1,211,206,212,-1,117,102,210,-1,213,214,215,-1,215,214,209,-1,215,209,216,-1,216,209,101,-1,216,101,111,-1,117,210,121,-1,121,210,211,-1,121,211,123,-1,123,211,212,-1,123,212,125,-1,217,213,218,-1,218,213,215,-1,218,215,219,-1,219,215,216,-1,219,216,220,-1,220,216,111,-1,220,111,112,-1,221,217,222,-1,222,217,218,-1,222,218,223,-1,223,218,219,-1,223,219,224,-1,224,219,220,-1,224,220,225,-1,225,220,112,-1,225,112,113,-1,127,221,205,-1,205,221,222,-1,205,222,226,-1,226,222,223,-1,226,223,227,-1,227,223,224,-1,227,224,228,-1,228,224,225,-1,228,225,229,-1,229,225,113,-1,229,113,114,-1,129,205,230,-1,230,205,226,-1,230,226,231,-1,231,226,227,-1,231,227,232,-1,232,227,228,-1,232,228,233,-1,233,228,229,-1,233,229,234,-1,234,229,114,-1,234,114,115,-1,214,102,209,-1,127,125,221,-1,221,125,212,-1,221,212,217,-1,217,212,206,-1,217,206,213,-1,213,206,208,-1,213,208,214,-1,214,208,102,-1,144,143,235,-1,236,237,238,-1,119,118,239,-1,238,237,119,-1,240,119,237,-1,240,237,241,-1,241,237,236,-1,241,236,242,-1,138,119,240,-1,243,244,245,-1,245,244,239,-1,245,239,246,-1,246,239,118,-1,246,118,122,-1,138,240,140,-1,140,240,241,-1,140,241,141,-1,141,241,242,-1,141,242,142,-1,247,243,248,-1,248,243,245,-1,248,245,249,-1,249,245,246,-1,249,246,250,-1,250,246,122,-1,250,122,124,-1,251,247,252,-1,252,247,248,-1,252,248,253,-1,253,248,249,-1,253,249,254,-1,254,249,250,-1,254,250,255,-1,255,250,124,-1,255,124,126,-1,143,251,235,-1,235,251,252,-1,235,252,256,-1,256,252,253,-1,256,253,257,-1,257,253,254,-1,257,254,258,-1,258,254,255,-1,258,255,259,-1,259,255,126,-1,259,126,128,-1,144,235,260,-1,260,235,256,-1,260,256,261,-1,261,256,257,-1,261,257,262,-1,262,257,258,-1,262,258,263,-1,263,258,259,-1,263,259,264,-1,264,259,128,-1,264,128,130,-1,244,119,239,-1,143,142,251,-1,251,142,242,-1,251,242,247,-1,247,242,236,-1,247,236,243,-1,243,236,238,-1,243,238,244,-1,244,238,119,-1,265,158,266,-1,149,148,267,-1,151,150,268,-1,153,152,269,-1,155,154,270,-1,145,271,146,-1,146,271,272,-1,146,272,147,-1,271,273,272,-1,272,273,274,-1,272,274,275,-1,274,276,275,-1,275,276,277,-1,275,277,278,-1,277,279,278,-1,278,279,280,-1,278,280,281,-1,157,156,169,-1,169,156,282,-1,169,282,167,-1,167,282,283,-1,167,283,165,-1,165,283,284,-1,165,284,163,-1,163,284,285,-1,163,285,161,-1,161,285,286,-1,161,286,158,-1,154,153,270,-1,270,153,269,-1,270,269,287,-1,287,269,288,-1,287,288,289,-1,289,288,290,-1,289,290,291,-1,291,290,292,-1,291,292,293,-1,293,292,294,-1,293,294,158,-1,152,151,269,-1,269,151,268,-1,269,268,288,-1,288,268,295,-1,288,295,290,-1,290,295,296,-1,290,296,292,-1,292,296,297,-1,292,297,294,-1,294,297,298,-1,294,298,158,-1,156,155,282,-1,282,155,270,-1,282,270,283,-1,283,270,287,-1,283,287,284,-1,284,287,289,-1,284,289,285,-1,285,289,291,-1,285,291,286,-1,286,291,293,-1,286,293,158,-1,148,147,267,-1,267,147,272,-1,267,272,299,-1,299,272,275,-1,299,275,300,-1,300,275,278,-1,300,278,301,-1,301,278,281,-1,301,281,302,-1,302,281,266,-1,302,266,158,-1,280,303,281,-1,281,303,304,-1,281,304,266,-1,266,304,305,-1,266,305,265,-1,150,149,268,-1,268,149,267,-1,268,267,295,-1,295,267,299,-1,295,299,296,-1,296,299,300,-1,296,300,297,-1,297,300,301,-1,297,301,298,-1,298,301,302,-1,298,302,158,-1,159,306,307,-1,159,307,176,-1,176,307,308,-1,176,308,177,-1,177,308,309,-1,177,309,179,-1,179,309,310,-1,179,310,181,-1,181,310,311,-1,181,311,183,-1,183,311,312,-1,183,312,100,-1,115,312,313,-1,115,313,234,-1,234,313,314,-1,234,314,233,-1,233,314,315,-1,233,315,232,-1,232,315,316,-1,232,316,231,-1,231,316,317,-1,231,317,230,-1,230,317,318,-1,230,318,129,-1,130,319,320,-1,130,320,264,-1,264,320,321,-1,264,321,263,-1,263,321,322,-1,263,322,262,-1,262,322,323,-1,262,323,261,-1,261,323,324,-1,261,324,260,-1,260,324,325,-1,260,325,144,-1,158,265,326,-1,326,265,327,-1,327,265,328,-1,328,265,305,-1,328,305,329,-1,329,305,304,-1,329,304,330,-1,330,304,303,-1,330,303,331,-1,331,303,280,-1,331,280,332,-1,332,280,279,-1,332,279,333,-1,333,279,277,-1,333,277,334,-1,334,277,276,-1,334,276,335,-1,335,276,274,-1,335,274,336,-1,336,274,273,-1,336,273,337,-1,273,271,337,-1,337,271,145,-1,337,145,325,-1,317,316,338,-1,338,316,339,-1,338,339,340,-1,340,339,341,-1,340,341,342,-1,342,341,343,-1,342,343,344,-1,344,343,345,-1,344,345,346,-1,346,345,347,-1,346,347,306,-1,316,315,339,-1,339,315,348,-1,339,348,341,-1,341,348,349,-1,341,349,343,-1,343,349,350,-1,343,350,345,-1,345,350,351,-1,345,351,347,-1,347,351,352,-1,347,352,306,-1,318,317,353,-1,353,317,338,-1,353,338,354,-1,354,338,340,-1,354,340,355,-1,355,340,342,-1,355,342,356,-1,356,342,344,-1,356,344,357,-1,357,344,346,-1,357,346,306,-1,314,313,358,-1,358,313,359,-1,358,359,360,-1,360,359,361,-1,360,361,362,-1,362,361,363,-1,362,363,364,-1,364,363,365,-1,364,365,366,-1,366,365,367,-1,366,367,306,-1,313,312,359,-1,359,312,311,-1,359,311,361,-1,361,311,310,-1,361,310,363,-1,363,310,309,-1,363,309,365,-1,365,309,308,-1,365,308,367,-1,367,308,307,-1,367,307,306,-1,315,314,348,-1,348,314,358,-1,348,358,349,-1,349,358,360,-1,349,360,350,-1,350,360,362,-1,350,362,351,-1,351,362,364,-1,351,364,352,-1,352,364,366,-1,352,366,306,-1,368,369,326,-1,329,330,370,-1,331,332,371,-1,372,320,319,-1,373,322,321,-1,325,324,337,-1,337,324,374,-1,337,374,336,-1,323,322,375,-1,375,322,373,-1,375,373,376,-1,336,374,335,-1,335,374,377,-1,335,377,334,-1,324,323,374,-1,374,323,375,-1,374,375,377,-1,377,375,376,-1,377,376,371,-1,371,332,377,-1,377,332,333,-1,377,333,334,-1,378,379,380,-1,330,331,370,-1,370,331,371,-1,370,371,381,-1,381,371,376,-1,381,376,382,-1,382,376,373,-1,382,373,383,-1,383,373,321,-1,383,321,320,-1,380,384,385,-1,320,372,383,-1,383,372,386,-1,383,386,382,-1,382,386,387,-1,382,387,381,-1,381,387,388,-1,381,388,370,-1,370,388,389,-1,370,389,329,-1,369,368,385,-1,385,384,369,-1,369,384,390,-1,369,390,326,-1,380,379,384,-1,384,379,391,-1,384,391,390,-1,390,391,392,-1,390,392,326,-1,326,327,389,-1,389,327,328,-1,389,328,329,-1,319,393,372,-1,372,393,394,-1,372,394,386,-1,386,394,395,-1,386,395,387,-1,387,395,396,-1,387,396,388,-1,388,396,397,-1,388,397,389,-1,389,397,326,-1,393,378,394,-1,394,378,380,-1,394,380,395,-1,395,380,385,-1,395,385,396,-1,396,385,368,-1,396,368,397,-1,397,368,326,-1,306,326,392,-1,306,392,357,-1,357,392,391,-1,357,391,356,-1,356,391,379,-1,356,379,355,-1,355,379,378,-1,355,378,354,-1,354,378,393,-1,354,393,353,-1,353,393,319,-1,353,319,318,-1,
        ]
    }
}
Shape{
    appearance Appearance {
        material  Material 	{
            diffuseColor 1.0 1.0 1.0
            specularColor 0.8784313725490196 0.8784313725490196 0.8784313725490196
            ambientIntensity 1.0
            transparency 0.0
            shininess 0.5
        }
    }
    geometry IndexedFaceSet {
        ccw TRUE
        solid FALSE
        coord DEF co Coordinate {
            point [
                -1.9445 0.7874 8.8583, -1.9445 0.7874 8.8622, -1.9445 0.1344 8.8583, -1.9445 0.0 8.8622, -1.9445 -0.0 8.8583, -2.0501 0.7874 8.8622, -2.0501 0.7874 8.8583, -2.0501 0.4417 8.8622, -2.0501 0.4417 8.8583, -2.4438 0.4417 8.8622, -2.4438 0.4417 8.8583, -2.4438 0.7874 8.8622, -2.4438 0.7874 8.8583, -2.5495 0.7874 8.8622, -2.5495 0.7874 8.8583, -2.5495 0.0 8.8583, -2.5495 -0.0 8.8622, -2.5495 0.1344 8.8583, -2.4438 -0.0 8.8622, -2.4438 -0.0 8.8583, -2.4438 0.3553 8.8583, -2.4438 0.3553 8.8622, -2.4438 0.1344 8.8583, -2.0501 0.3553 8.8622, -2.0501 0.3553 8.8583, -2.0501 0.0 8.8583, -2.0501 -0.0 8.8622, -2.0501 0.1344 8.8583, -1.3395 0.0864 8.8622, -1.3395 -0.0 8.8622, -1.3395 0.0864 8.8583, -1.3395 -0.0 8.8583, -1.6372 0.0864 8.8622, -1.6372 0.0864 8.8583, -1.6372 0.7874 8.8583, -1.6372 0.7874 8.8622, -1.6372 0.1344 8.8583, -1.7428 0.7874 8.8622, -1.7428 0.7874 8.8583, -1.7428 0.0 8.8583, -1.7428 -0.0 8.8622, -1.7428 0.1344 8.8583, -1.0131 0.4098 8.8583, -1.0131 0.4098 8.8622, -0.7743 0.1344 8.8583, -0.6578 -0.0 8.8622, -0.6578 -0.0 8.8583, -0.677 0.7874 8.8622, -0.677 0.7874 8.8583, -0.8018 0.7874 8.8622, -0.8018 0.7874 8.8583, -1.0899 0.4471 8.8622, -1.0899 0.4471 8.8583, -1.0989 0.433 8.8583, -1.0989 0.433 8.8622, -1.107 0.4183 8.8583, -1.107 0.4183 8.8622, -1.1091 0.4183 8.8622, -1.1091 0.4183 8.8583, -1.1091 0.7874 8.8622, -1.1091 0.7874 8.8583, -1.2147 0.7874 8.8622, -1.2147 0.7874 8.8583, -1.2147 0.0 8.8583, -1.2147 -0.0 8.8622, -1.2147 0.1344 8.8583, -1.1091 -0.0 8.8622, -1.1091 -0.0 8.8583, -1.1091 0.3859 8.8583, -1.1091 0.3859 8.8622, -1.1091 0.1344 8.8583, -1.107 0.3859 8.8622, -1.107 0.3859 8.8583, -1.099 0.3709 8.8583, -1.099 0.3709 8.8622, -1.0899 0.3565 8.8583, -1.0899 0.3565 8.8622, -0.7922 0.0 8.8583, -0.7922 -0.0 8.8622, -0.9045 0.1344 8.8583, -0.2833 0.3457 8.8622, -0.2833 0.2689 8.8622, -0.2833 0.3457 8.8583, -0.2833 0.2689 8.8583, -0.5809 0.3457 8.8622, -0.5809 0.3457 8.8583, -0.5809 0.2689 8.8622, -0.5809 0.2689 8.8583, -0.1008 0.7874 8.8622, -0.1008 0.0 8.8622, 0.0048 0.2977 8.8622, 0.0048 0.0 8.8622, 0.0048 0.701 8.8622, 0.1067 0.701 8.8622, 0.1218 0.7874 8.8622, 0.1257 0.7005 8.8622, 0.1986 0.781 8.8622, 0.1838 0.6914 8.8622, 0.2586 0.7634 8.8622, 0.2193 0.6766 8.8622, 0.3049 0.7374 8.8622, 0.2384 0.6633 8.8622, 0.3336 0.712 8.8622, 0.2561 0.6443 8.8622, 0.362 0.6725 8.8622, 0.2703 0.6194 8.8622, 0.3793 0.6283 8.8622, 0.2799 0.5875 8.8622, 0.3886 0.5656 8.8622, 0.2833 0.5476 8.8622, 0.3889 0.5517 8.8622, 0.2832 0.5443 8.8622, 0.3813 0.4854 8.8622, 0.2775 0.4967 8.8622, 0.3627 0.4347 8.8622, 0.2662 0.466 8.8622, 0.3306 0.3877 8.8622, 0.2479 0.4386 8.8622, 0.2836 0.346 8.8622, 0.2226 0.4161 8.8622, 0.2257 0.3157 8.8622, 0.1914 0.3995 8.8622, 0.1631 0.3003 8.8622, 0.1503 0.3884 8.8622, 0.1053 0.2977 8.8622, 0.0971 0.3841 8.8622, 0.0048 0.3841 8.8622, 0.1053 0.2977 8.8583, 0.0048 0.2977 8.8583, 0.1631 0.3003 8.8583, 0.2257 0.3157 8.8583, 0.2836 0.346 8.8583, 0.3306 0.3877 8.8583, 0.3627 0.4347 8.8583, 0.3813 0.4854 8.8583, 0.3889 0.5517 8.8583, 0.3886 0.5656 8.8583, 0.3793 0.6283 8.8583, 0.362 0.6725 8.8583, 0.3336 0.712 8.8583, 0.3049 0.7374 8.8583, 0.2586 0.7634 8.8583, 0.1986 0.781 8.8583, 0.1218 0.7874 8.8583, -0.1008 0.7874 8.8583, -0.1008 0.0 8.8583, -0.1008 0.1344 8.8583, 0.0048 -0.0 8.8583, 0.0048 0.1344 8.8583, 0.1067 0.701 8.8583, 0.0048 0.701 8.8583, 0.0048 0.3841 8.8583, 0.0971 0.3841 8.8583, 0.2833 0.5476 8.8583, 0.2832 0.5443 8.8583, 0.2775 0.4967 8.8583, 0.2662 0.466 8.8583, 0.2479 0.4386 8.8583, 0.2226 0.4161 8.8583, 0.1914 0.3995 8.8583, 0.1503 0.3884 8.8583, 0.1257 0.7005 8.8583, 0.1838 0.6914 8.8583, 0.2193 0.6766 8.8583, 0.2384 0.6633 8.8583, 0.2561 0.6443 8.8583, 0.2703 0.6194 8.8583, 0.2799 0.5875 8.8583
            ]
        }
        coordIndex [
            0,1,2,-1,2,1,3,-1,2,3,4,-1,5,1,6,-1,6,1,0,-1,7,5,8,-1,8,5,6,-1,9,7,10,-1,10,7,8,-1,11,9,12,-1,12,9,10,-1,13,11,14,-1,14,11,12,-1,15,16,17,-1,17,16,13,-1,17,13,14,-1,18,16,19,-1,19,16,15,-1,20,21,22,-1,22,21,18,-1,22,18,19,-1,23,21,24,-1,24,21,20,-1,25,26,27,-1,27,26,23,-1,27,23,24,-1,3,26,4,-1,4,26,25,-1,9,11,13,-1,3,1,7,-1,7,1,5,-1,16,18,21,-1,26,3,23,-1,23,3,7,-1,23,7,21,-1,21,7,9,-1,21,9,16,-1,16,9,13,-1,28,29,30,-1,30,29,31,-1,32,28,33,-1,33,28,30,-1,34,35,36,-1,36,35,32,-1,36,32,33,-1,37,35,38,-1,38,35,34,-1,39,40,41,-1,41,40,37,-1,41,37,38,-1,29,40,31,-1,31,40,39,-1,35,37,32,-1,32,37,40,-1,32,40,28,-1,28,40,29,-1,42,43,44,-1,44,43,45,-1,44,45,46,-1,47,43,48,-1,48,43,42,-1,49,47,50,-1,50,47,48,-1,51,49,52,-1,52,49,50,-1,51,52,53,-1,51,53,54,-1,54,53,55,-1,54,55,56,-1,57,56,58,-1,58,56,55,-1,59,57,60,-1,60,57,58,-1,61,59,62,-1,62,59,60,-1,63,64,65,-1,65,64,61,-1,65,61,62,-1,66,64,67,-1,67,64,63,-1,68,69,70,-1,70,69,66,-1,70,66,67,-1,71,69,72,-1,72,69,68,-1,71,72,73,-1,71,73,74,-1,74,73,75,-1,74,75,76,-1,77,78,79,-1,79,78,76,-1,79,76,75,-1,45,78,46,-1,46,78,77,-1,56,57,43,-1,59,61,57,-1,57,61,64,-1,64,66,69,-1,56,43,54,-1,64,69,57,-1,57,69,71,-1,57,71,43,-1,78,45,76,-1,76,45,43,-1,76,43,74,-1,74,43,71,-1,47,49,43,-1,43,49,51,-1,43,51,54,-1,80,81,82,-1,82,81,83,-1,84,80,85,-1,85,80,82,-1,86,84,87,-1,87,84,85,-1,81,86,83,-1,83,86,87,-1,84,86,80,-1,80,86,81,-1,88,89,90,-1,90,89,91,-1,92,93,94,-1,94,93,95,-1,94,95,96,-1,96,95,97,-1,96,97,98,-1,98,97,99,-1,98,99,100,-1,100,99,101,-1,100,101,102,-1,102,101,103,-1,102,103,104,-1,104,103,105,-1,104,105,106,-1,106,105,107,-1,106,107,108,-1,108,107,109,-1,108,109,110,-1,110,109,111,-1,110,111,112,-1,112,111,113,-1,112,113,114,-1,114,113,115,-1,114,115,116,-1,116,115,117,-1,116,117,118,-1,118,117,119,-1,118,119,120,-1,120,119,121,-1,120,121,122,-1,122,121,123,-1,122,123,124,-1,124,123,125,-1,124,125,90,-1,90,125,126,-1,90,126,88,-1,88,126,92,-1,88,92,94,-1,124,90,127,-1,127,90,128,-1,124,127,129,-1,124,129,122,-1,122,129,130,-1,122,130,120,-1,120,130,131,-1,120,131,118,-1,118,131,132,-1,118,132,116,-1,116,132,133,-1,116,133,114,-1,114,133,134,-1,114,134,112,-1,112,134,135,-1,112,135,110,-1,110,135,136,-1,110,136,108,-1,108,136,137,-1,108,137,106,-1,106,137,138,-1,106,138,104,-1,104,138,139,-1,104,139,102,-1,102,139,140,-1,102,140,100,-1,100,140,141,-1,100,141,98,-1,98,141,142,-1,98,142,96,-1,96,142,143,-1,96,143,94,-1,88,94,144,-1,144,94,143,-1,145,89,146,-1,146,89,88,-1,146,88,144,-1,91,89,147,-1,147,89,145,-1,128,90,148,-1,148,90,91,-1,148,91,147,-1,93,92,149,-1,149,92,150,-1,92,126,150,-1,150,126,151,-1,126,125,151,-1,151,125,152,-1,109,153,154,-1,109,154,111,-1,111,154,155,-1,111,155,113,-1,113,155,156,-1,113,156,115,-1,115,156,157,-1,115,157,117,-1,117,157,158,-1,117,158,119,-1,119,158,159,-1,119,159,121,-1,121,159,160,-1,121,160,123,-1,123,160,152,-1,123,152,125,-1,93,149,161,-1,93,161,95,-1,95,161,162,-1,95,162,97,-1,97,162,163,-1,97,163,99,-1,99,163,164,-1,99,164,101,-1,101,164,165,-1,101,165,103,-1,103,165,166,-1,103,166,105,-1,105,166,167,-1,105,167,107,-1,107,167,153,-1,107,153,109,-1,
        ]
    }
}
Shape{
    appearance Appearance {
        material  Material 	{
            diffuseColor 0.25098039215686274 0.25098039215686274 0.25098039215686274
            specularColor 0.12549019607843137 0.12549019607843137 0.12549019607843137
            ambientIntensity 0.251
            transparency 0.0
            shininess 0.5
        }
    }
    geometry IndexedFaceSet {
        ccw TRUE
        solid FALSE
        coord DEF co Coordinate {
            point [
                0.0048 0.701 8.8583, 0.0048 0.3841 8.8583, 0.1067 0.701 8.8583, 0.0971 0.3841 8.8583, 0.1503 0.3884 8.8583, 0.1914 0.3995 8.8583, 0.2226 0.4161 8.8583, 0.2775 0.4967 8.8583, 0.2832 0.5443 8.8583, 0.2833 0.5476 8.8583, 0.1257 0.7005 8.8583, 0.2799 0.5875 8.8583, 0.1838 0.6914 8.8583, 0.2193 0.6766 8.8583, 0.2479 0.4386 8.8583, 0.2662 0.466 8.8583, 0.2384 0.6633 8.8583, 0.2703 0.6194 8.8583, 0.2561 0.6443 8.8583
            ]
        }
        coordIndex [
            0,1,2,-1,2,1,3,-1,3,4,2,-1,2,4,5,-1,2,5,6,-1,7,8,2,-1,2,8,9,-1,2,9,10,-1,10,9,11,-1,10,11,12,-1,12,11,13,-1,6,14,2,-1,2,14,15,-1,2,15,7,-1,13,11,16,-1,16,11,17,-1,16,17,18,-1,
        ]
    }
}
Shape{
    appearance Appearance {
        material  Material 	{
            diffuseColor 1.0 1.0 1.0
            specularColor 0.8784313725490196 0.8784313725490196 0.8784313725490196
            ambientIntensity 1.0
            transparency 0.0
            shininess 0.5
        }
    }
    geometry IndexedFaceSet {
        ccw TRUE
        solid FALSE
        coord DEF co Coordinate {
            point [
                1.3395 0.0 8.8622, 1.2435 0.0 8.8622, 1.3395 0.0 8.8583, 1.2435 0.0 8.8583, 1.3395 0.7874 8.8583, 1.3395 0.7874 8.8622, 1.3395 0.1344 8.8583, 1.2147 0.7874 8.8622, 1.2147 0.7874 8.8583, 0.9764 0.2519 8.8622, 0.9764 0.2519 8.8583, 0.9574 0.2029 8.8583, 0.9574 0.2029 8.8622, 0.9391 0.1536 8.8583, 0.9391 0.1536 8.8622, 0.9355 0.1536 8.8622, 0.9355 0.1536 8.8583, 0.9197 0.2023 8.8583, 0.9197 0.2023 8.8622, 0.9004 0.2498 8.8583, 0.9004 0.2498 8.8622, 0.6674 0.7874 8.8622, 0.6674 0.7874 8.8583, 0.5329 0.7874 8.8622, 0.5329 0.7874 8.8583, 0.5329 0.0 8.8583, 0.5329 0.0 8.8622, 0.5329 0.1344 8.8583, 0.629 0.0 8.8622, 0.629 0.0 8.8583, 0.629 0.5209 8.8583, 0.629 0.5209 8.8622, 0.629 0.1344 8.8583, 0.6284 0.6014 8.8583, 0.6284 0.6014 8.8622, 0.626 0.6818 8.8583, 0.626 0.6818 8.8622, 0.629 0.6818 8.8622, 0.629 0.6818 8.8583, 0.6389 0.6391 8.8583, 0.6389 0.6391 8.8622, 0.6521 0.5973 8.8583, 0.6521 0.5973 8.8622, 0.9074 0.0 8.8583, 0.9074 0.0 8.8622, 0.85 0.1344 8.8583, 0.965 0.0 8.8622, 0.965 0.0 8.8583, 1.2252 0.6018 8.8583, 1.2252 0.6018 8.8622, 1.0232 0.1344 8.8583, 1.2385 0.6413 8.8583, 1.2385 0.6413 8.8622, 1.2486 0.6818 8.8583, 1.2486 0.6818 8.8622, 1.2512 0.6818 8.8622, 1.2512 0.6818 8.8583, 1.2458 0.6038 8.8583, 1.2458 0.6038 8.8622, 1.2435 0.5256 8.8583, 1.2435 0.5256 8.8622, 1.2435 0.1344 8.8583, 1.8904 0.5637 8.8622, 1.9714 0.6539 8.8622, 1.8642 0.6392 8.8622, 1.9384 0.7132 8.8622, 1.8431 0.6709 8.8622, 1.9067 0.7476 8.8622, 1.8233 0.6896 8.8622, 1.8658 0.7748 8.8622, 1.8014 0.7019 8.8622, 1.8194 0.791 8.8622, 1.7767 0.7091 8.8622, 1.7566 0.7106 8.8622, 1.7621 0.797 8.8622, 1.7238 0.7066 8.8622, 1.6957 0.7892 8.8622, 1.6988 0.6969 8.8622, 1.6478 0.771 8.8622, 1.676 0.681 8.8622, 1.6113 0.7467 8.8622, 1.6538 0.6555 8.8622, 1.5743 0.7082 8.8622, 1.6302 0.6103 8.8622, 1.541 0.6527 8.8622, 1.6081 0.5227 8.8622, 1.5057 0.5359 8.8622, 1.5988 0.3832 8.8622, 1.4932 0.3784 8.8622, 1.6119 0.2313 8.8622, 1.5023 0.25 8.8622, 1.6352 0.1583 8.8622, 1.5301 0.145 8.8622, 1.6554 0.1247 8.8622, 1.5645 0.0814 8.8622, 1.6781 0.1016 8.8622, 1.6033 0.0389 8.8622, 1.7015 0.0874 8.8622, 1.6428 0.0127 8.8622, 1.7295 0.0788 8.8622, 1.6883 -0.0035 8.8622, 1.7536 0.0768 8.8622, 1.7443 -0.0096 8.8622, 1.7853 0.0805 8.8622, 1.8027 -0.0034 8.8622, 1.8099 0.09 8.8622, 1.852 0.0139 8.8622, 1.8326 0.1059 8.8622, 1.8958 0.043 8.8622, 1.8547 0.1315 8.8622, 1.9345 0.0852 8.8622, 1.8767 0.1748 8.8622, 1.9706 0.1493 8.8622, 1.8977 0.2587 8.8622, 1.9999 0.2509 8.8622, 1.9061 0.3883 8.8622, 2.0117 0.397 8.8622, 1.9997 0.5536 8.8622, 1.4932 0.3784 8.8583, 1.5023 0.25 8.8583, 1.5301 0.145 8.8583, 1.5358 0.1344 8.8583, 1.5645 0.0814 8.8583, 1.6033 0.0389 8.8583, 1.6428 0.0127 8.8583, 1.6883 -0.0035 8.8583, 1.7443 -0.0096 8.8583, 1.8027 -0.0034 8.8583, 1.852 0.0139 8.8583, 1.8958 0.043 8.8583, 1.9345 0.0852 8.8583, 1.9622 0.1344 8.8583, 1.9706 0.1493 8.8583, 1.9999 0.2509 8.8583, 2.0117 0.397 8.8583, 1.9997 0.5536 8.8583, 1.9714 0.6539 8.8583, 1.9384 0.7132 8.8583, 1.9067 0.7476 8.8583, 1.8658 0.7748 8.8583, 1.8194 0.791 8.8583, 1.7621 0.797 8.8583, 1.6957 0.7892 8.8583, 1.6478 0.771 8.8583, 1.6113 0.7467 8.8583, 1.5743 0.7082 8.8583, 1.541 0.6527 8.8583, 1.5057 0.5359 8.8583, 1.5988 0.3832 8.8583, 1.6081 0.5227 8.8583, 1.6302 0.6103 8.8583, 1.6538 0.6555 8.8583, 1.676 0.681 8.8583, 1.6988 0.6969 8.8583, 1.7238 0.7066 8.8583, 1.7566 0.7106 8.8583, 1.7536 0.0768 8.8583, 1.7295 0.0788 8.8583, 1.7015 0.0874 8.8583, 1.6781 0.1016 8.8583, 1.6554 0.1247 8.8583, 1.6352 0.1583 8.8583, 1.6119 0.2313 8.8583, 1.9061 0.3883 8.8583, 1.8977 0.2587 8.8583, 1.8767 0.1748 8.8583, 1.8547 0.1315 8.8583, 1.8326 0.1059 8.8583, 1.8099 0.09 8.8583, 1.7853 0.0805 8.8583, 1.7767 0.7091 8.8583, 1.8014 0.7019 8.8583, 1.8233 0.6896 8.8583, 1.8431 0.6709 8.8583, 1.8642 0.6392 8.8583, 1.8904 0.5637 8.8583
            ]
        }
        coordIndex [
            0,1,2,-1,2,1,3,-1,4,5,6,-1,6,5,0,-1,6,0,2,-1,7,5,8,-1,8,5,4,-1,9,7,10,-1,10,7,8,-1,9,10,11,-1,9,11,12,-1,12,11,13,-1,12,13,14,-1,15,14,16,-1,16,14,13,-1,15,16,17,-1,15,17,18,-1,18,17,19,-1,18,19,20,-1,21,20,22,-1,22,20,19,-1,23,21,24,-1,24,21,22,-1,25,26,27,-1,27,26,23,-1,27,23,24,-1,28,26,29,-1,29,26,25,-1,30,31,32,-1,32,31,28,-1,32,28,29,-1,31,30,33,-1,31,33,34,-1,34,33,35,-1,34,35,36,-1,37,36,38,-1,38,36,35,-1,37,38,39,-1,37,39,40,-1,40,39,41,-1,40,41,42,-1,43,44,45,-1,45,44,42,-1,45,42,41,-1,46,44,47,-1,47,44,43,-1,48,49,50,-1,50,49,46,-1,50,46,47,-1,49,48,51,-1,49,51,52,-1,52,51,53,-1,52,53,54,-1,55,54,56,-1,56,54,53,-1,55,56,57,-1,55,57,58,-1,58,57,59,-1,58,59,60,-1,3,1,61,-1,61,1,60,-1,61,60,59,-1,1,0,60,-1,60,0,5,-1,60,5,58,-1,58,5,55,-1,26,28,23,-1,23,28,31,-1,31,34,23,-1,23,34,36,-1,23,36,21,-1,21,36,37,-1,15,44,14,-1,14,44,46,-1,14,46,12,-1,12,46,9,-1,55,5,54,-1,54,5,7,-1,54,7,52,-1,15,18,44,-1,44,18,20,-1,44,20,42,-1,42,20,21,-1,42,21,40,-1,40,21,37,-1,9,46,7,-1,7,46,49,-1,7,49,52,-1,62,63,64,-1,64,63,65,-1,64,65,66,-1,66,65,67,-1,66,67,68,-1,68,67,69,-1,68,69,70,-1,70,69,71,-1,70,71,72,-1,72,71,73,-1,73,71,74,-1,73,74,75,-1,75,74,76,-1,75,76,77,-1,77,76,78,-1,77,78,79,-1,79,78,80,-1,79,80,81,-1,81,80,82,-1,81,82,83,-1,83,82,84,-1,83,84,85,-1,85,84,86,-1,85,86,87,-1,87,86,88,-1,87,88,89,-1,89,88,90,-1,89,90,91,-1,91,90,92,-1,91,92,93,-1,93,92,94,-1,93,94,95,-1,95,94,96,-1,95,96,97,-1,97,96,98,-1,97,98,99,-1,99,98,100,-1,99,100,101,-1,101,100,102,-1,101,102,103,-1,103,102,104,-1,103,104,105,-1,105,104,106,-1,105,106,107,-1,107,106,108,-1,107,108,109,-1,109,108,110,-1,109,110,111,-1,111,110,112,-1,111,112,113,-1,113,112,114,-1,113,114,115,-1,115,114,116,-1,115,116,62,-1,62,116,117,-1,62,117,63,-1,88,118,119,-1,88,119,90,-1,90,119,120,-1,90,120,92,-1,92,120,121,-1,92,121,94,-1,121,122,94,-1,94,122,123,-1,94,123,96,-1,96,123,124,-1,96,124,98,-1,98,124,125,-1,98,125,100,-1,100,125,126,-1,100,126,102,-1,102,126,127,-1,102,127,104,-1,104,127,128,-1,104,128,106,-1,106,128,129,-1,106,129,108,-1,108,129,130,-1,108,130,110,-1,110,130,131,-1,110,131,112,-1,131,132,112,-1,112,132,133,-1,112,133,114,-1,114,133,134,-1,114,134,116,-1,116,134,135,-1,116,135,117,-1,117,135,136,-1,117,136,63,-1,63,136,137,-1,63,137,65,-1,65,137,138,-1,65,138,67,-1,67,138,139,-1,67,139,69,-1,69,139,140,-1,69,140,71,-1,71,140,141,-1,71,141,74,-1,74,141,142,-1,74,142,76,-1,76,142,143,-1,76,143,78,-1,78,143,144,-1,78,144,80,-1,80,144,145,-1,80,145,82,-1,82,145,146,-1,82,146,84,-1,84,146,147,-1,84,147,86,-1,86,147,118,-1,86,118,88,-1,87,148,149,-1,87,149,85,-1,85,149,150,-1,85,150,83,-1,83,150,151,-1,83,151,81,-1,81,151,152,-1,81,152,79,-1,79,152,153,-1,79,153,77,-1,77,153,154,-1,77,154,75,-1,75,154,155,-1,75,155,73,-1,101,156,157,-1,101,157,99,-1,99,157,158,-1,99,158,97,-1,97,158,159,-1,97,159,95,-1,95,159,160,-1,95,160,93,-1,93,160,161,-1,93,161,91,-1,91,161,162,-1,91,162,89,-1,89,162,148,-1,89,148,87,-1,115,163,164,-1,115,164,113,-1,113,164,165,-1,113,165,111,-1,111,165,166,-1,111,166,109,-1,109,166,167,-1,109,167,107,-1,107,167,168,-1,107,168,105,-1,105,168,169,-1,105,169,103,-1,103,169,156,-1,103,156,101,-1,73,155,170,-1,73,170,72,-1,72,170,171,-1,72,171,70,-1,70,171,172,-1,70,172,68,-1,68,172,173,-1,68,173,66,-1,66,173,174,-1,66,174,64,-1,64,174,175,-1,64,175,62,-1,62,175,163,-1,62,163,115,-1,
        ]
    }
}
Shape{
    appearance Appearance {
        material  Material 	{
            diffuseColor 0.25098039215686274 0.25098039215686274 0.25098039215686274
            specularColor 0.12549019607843137 0.12549019607843137 0.12549019607843137
            ambientIntensity 0.251
            transparency 0.0
            shininess 0.5
        }
    }
    geometry IndexedFaceSet {
        ccw TRUE
        solid FALSE
        coord DEF co Coordinate {
            point [
                1.6302 0.6103 8.8583, 1.6081 0.5227 8.8583, 1.9061 0.3883 8.8583, 1.5988 0.3832 8.8583, 1.8977 0.2587 8.8583, 1.8767 0.1748 8.8583, 1.8014 0.7019 8.8583, 1.7767 0.7091 8.8583, 1.8904 0.5637 8.8583, 1.8642 0.6392 8.8583, 1.8431 0.6709 8.8583, 1.7295 0.0788 8.8583, 1.6119 0.2313 8.8583, 1.6352 0.1583 8.8583, 1.7853 0.0805 8.8583, 1.8099 0.09 8.8583, 1.8233 0.6896 8.8583, 1.7566 0.7106 8.8583, 1.7238 0.7066 8.8583, 1.6988 0.6969 8.8583, 1.676 0.681 8.8583, 1.6538 0.6555 8.8583, 1.7536 0.0768 8.8583, 1.8326 0.1059 8.8583, 1.8547 0.1315 8.8583, 1.6554 0.1247 8.8583, 1.6781 0.1016 8.8583, 1.7015 0.0874 8.8583
            ]
        }
        coordIndex [
            0,1,2,-1,2,1,3,-1,2,3,4,-1,4,3,5,-1,6,7,2,-1,8,9,10,-1,11,12,13,-1,14,15,3,-1,8,10,2,-1,2,10,16,-1,2,16,6,-1,7,17,2,-1,2,17,18,-1,2,18,19,-1,19,20,2,-1,2,20,21,-1,2,21,0,-1,12,11,3,-1,3,11,22,-1,3,22,14,-1,15,23,3,-1,3,23,24,-1,3,24,5,-1,13,25,11,-1,11,25,26,-1,11,26,27,-1,
        ]
    }
}
Shape{
    appearance Appearance {
        material  Material 	{
            diffuseColor 1.0 1.0 1.0
            specularColor 0.8784313725490196 0.8784313725490196 0.8784313725490196
            ambientIntensity 1.0
            transparency 0.0
            shininess 0.5
        }
    }
    geometry IndexedFaceSet {
        ccw TRUE
        solid FALSE
        coord DEF co Coordinate {
            point [
                2.1269 0.0312 8.8583, 2.1269 0.0312 8.8622, 2.1269 0.1344 8.8583, 2.1269 0.1368 8.8622, 2.1269 0.1368 8.8583, 2.1467 0.0207 8.8583, 2.1467 0.0207 8.8622, 2.2144 -0.0011 8.8583, 2.2144 -0.0011 8.8622, 2.3076 -0.0096 8.8583, 2.3076 -0.0096 8.8622, 2.5879 0.2258 8.8583, 2.5879 0.2258 8.8622, 2.5807 0.165 8.8622, 2.3611 -0.0065 8.8583, 2.3611 -0.0065 8.8622, 2.4366 0.0117 8.8583, 2.4366 0.0117 8.8622, 2.4899 0.0391 8.8583, 2.4899 0.0391 8.8622, 2.5339 0.077 8.8583, 2.5339 0.077 8.8622, 2.5632 0.119 8.8583, 2.5632 0.119 8.8622, 2.569 0.1344 8.8583, 2.5807 0.165 8.8583, 2.5873 0.2416 8.8583, 2.5873 0.2416 8.8622, 2.5797 0.2826 8.8583, 2.5797 0.2826 8.8622, 2.5625 0.3204 8.8583, 2.5625 0.3204 8.8622, 2.5379 0.3516 8.8583, 2.5379 0.3516 8.8622, 2.5005 0.3808 8.8583, 2.5005 0.3808 8.8622, 2.4563 0.4007 8.8583, 2.4563 0.4007 8.8622, 2.3982 0.4126 8.8583, 2.3982 0.4126 8.8622, 2.3982 0.4146 8.8622, 2.3982 0.4146 8.8583, 2.4156 0.4197 8.8583, 2.4156 0.4197 8.8622, 2.4728 0.4458 8.8583, 2.4728 0.4458 8.8622, 2.5064 0.4718 8.8583, 2.5064 0.4718 8.8622, 2.5194 0.486 8.8583, 2.5194 0.486 8.8622, 2.5405 0.5198 8.8583, 2.5405 0.5198 8.8622, 2.5541 0.5605 8.8583, 2.5541 0.5605 8.8622, 2.5591 0.6105 8.8583, 2.5591 0.6105 8.8622, 2.5549 0.6521 8.8583, 2.5549 0.6521 8.8622, 2.542 0.6892 8.8583, 2.542 0.6892 8.8622, 2.5216 0.7211 8.8583, 2.5216 0.7211 8.8622, 2.4899 0.7516 8.8583, 2.4899 0.7516 8.8622, 2.4504 0.7751 8.8583, 2.4504 0.7751 8.8622, 2.3997 0.791 8.8583, 2.3997 0.791 8.8622, 2.3362 0.797 8.8583, 2.3362 0.797 8.8622, 2.2813 0.7924 8.8583, 2.2813 0.7924 8.8622, 2.2166 0.7732 8.8583, 2.2166 0.7732 8.8622, 2.1558 0.737 8.8583, 2.1558 0.737 8.8622, 2.1558 0.6506 8.8622, 2.1558 0.6506 8.8583, 2.1995 0.6809 8.8583, 2.1995 0.6809 8.8622, 2.2549 0.7035 8.8583, 2.2549 0.7035 8.8622, 2.3101 0.7106 8.8583, 2.3101 0.7106 8.8622, 2.3292 0.71 8.8583, 2.3292 0.71 8.8622, 2.3748 0.7022 8.8583, 2.3748 0.7022 8.8622, 2.4026 0.6902 8.8583, 2.4026 0.6902 8.8622, 2.4167 0.6802 8.8583, 2.4167 0.6802 8.8622, 2.4321 0.6636 8.8583, 2.4321 0.6636 8.8622, 2.4431 0.6438 8.8583, 2.4431 0.6438 8.8622, 2.4506 0.6185 8.8583, 2.4506 0.6185 8.8622, 2.4534 0.586 8.8583, 2.4534 0.586 8.8622, 2.4533 0.5826 8.8583, 2.4533 0.5826 8.8622, 2.4487 0.5469 8.8583, 2.4487 0.5469 8.8622, 2.4394 0.5224 8.8583, 2.4394 0.5224 8.8622, 2.4256 0.5023 8.8583, 2.4256 0.5023 8.8622, 2.4061 0.4848 8.8583, 2.4061 0.4848 8.8622, 2.3745 0.468 8.8583, 2.3745 0.468 8.8622, 2.3303 0.4562 8.8583, 2.3303 0.4562 8.8622, 2.2657 0.4513 8.8583, 2.2657 0.4513 8.8622, 2.2038 0.4513 8.8622, 2.2038 0.4513 8.8583, 2.2038 0.3649 8.8622, 2.2038 0.3649 8.8583, 2.269 0.3649 8.8622, 2.269 0.3649 8.8583, 2.3435 0.3595 8.8583, 2.3435 0.3595 8.8622, 2.4009 0.3437 8.8583, 2.4009 0.3437 8.8622, 2.4333 0.3255 8.8583, 2.4333 0.3255 8.8622, 2.4542 0.3058 8.8583, 2.4542 0.3058 8.8622, 2.4694 0.2821 8.8583, 2.4694 0.2821 8.8622, 2.4786 0.2552 8.8583, 2.4786 0.2552 8.8622, 2.4822 0.2197 8.8583, 2.4822 0.2197 8.8622, 2.4692 0.1582 8.8583, 2.4792 0.1883 8.8622, 2.4792 0.1883 8.8583, 2.4533 0.1344 8.8583, 2.4511 0.1311 8.8622, 2.4692 0.1582 8.8622, 2.4511 0.1311 8.8583, 2.4281 0.1102 8.8583, 2.4281 0.1102 8.8622, 2.3994 0.0937 8.8583, 2.3994 0.0937 8.8622, 2.3593 0.0814 8.8583, 2.3593 0.0814 8.8622, 2.3076 0.0768 8.8583, 2.3076 0.0768 8.8622, 2.2586 0.0806 8.8583, 2.2586 0.0806 8.8622, 2.1916 0.0995 8.8583, 2.1916 0.0995 8.8622, 2.1311 0.1344 8.8583, 0.3827 1.1546 0.0748, 0.3827 1.1114 0.0748, 0.3827 1.1546 0.0787, 0.3827 1.1114 0.0787, 0.5316 1.1546 0.0748, 0.5316 1.1546 0.0787, 0.5316 1.5051 0.0748, 0.5316 1.5051 0.0787, 0.5844 1.5051 0.0748, 0.5844 1.5051 0.0787, 0.5844 1.1114 0.0748, 0.5844 1.1114 0.0787, 0.0562 1.175 0.0748, 0.0562 1.1318 0.0748, 0.0562 1.175 0.0787, 0.0562 1.1318 0.0787, 0.0633 1.1711 0.0787, 0.0633 1.1711 0.0748, 0.105 1.1556 0.0787, 0.105 1.1556 0.0748, 0.1573 1.1498 0.0787, 0.1573 1.1498 0.0748, 0.194 1.154 0.0787, 0.194 1.154 0.0748, 0.2227 1.1645 0.0787, 0.2227 1.1645 0.0748, 0.2469 1.1808 0.0787, 0.2469 1.1808 0.0748, 0.2653 1.2003 0.0787, 0.2653 1.2003 0.0748, 0.2816 1.2276 0.0787, 0.2816 1.2276 0.0748, 0.2923 1.2615 0.0787, 0.2923 1.2615 0.0748, 0.2963 1.3041 0.0787, 0.2963 1.3041 0.0748, 0.2944 1.3347 0.0787, 0.2944 1.3347 0.0748, 0.2839 1.3769 0.0787, 0.2839 1.3769 0.0748, 0.2677 1.4073 0.0787, 0.2677 1.4073 0.0748, 0.2439 1.4335 0.0787, 0.2439 1.4335 0.0748, 0.2167 1.4517 0.0787, 0.2167 1.4517 0.0748, 0.1872 1.4624 0.0787, 0.1872 1.4624 0.0748, 0.1484 1.4667 0.0787, 0.1484 1.4667 0.0748, 0.1006 1.4605 0.0787, 0.1006 1.4605 0.0748, 0.0562 1.4415 0.0787, 0.0562 1.4415 0.0748, 0.0562 1.4943 0.0748, 0.0562 1.4943 0.0787, 0.1489 1.5099 0.0787, 0.1489 1.5099 0.0748, 0.1141 1.5075 0.0787, 0.1018 1.5067 0.0748, 0.1018 1.5067 0.0787, 0.1884 1.5067 0.0748, 0.1783 1.5075 0.0787, 0.1884 1.5067 0.0787, 0.2323 1.494 0.0787, 0.2323 1.494 0.0748, 0.2697 1.4724 0.0787, 0.2697 1.4724 0.0748, 0.3053 1.4382 0.0787, 0.3053 1.4382 0.0748, 0.3283 1.4014 0.0787, 0.3283 1.4014 0.0748, 0.3434 1.3568 0.0787, 0.3434 1.3568 0.0748, 0.3491 1.3009 0.0787, 0.3491 1.3009 0.0748, 0.1646 1.1066 0.0787, 0.1646 1.1066 0.0748, 0.1877 1.109 0.0787, 0.2131 1.1117 0.0748, 0.2131 1.1117 0.0787, 0.2512 1.1248 0.0748, 0.2512 1.1248 0.0787, 0.2829 1.145 0.0748, 0.2829 1.145 0.0787, 0.3125 1.1761 0.0748, 0.3125 1.1761 0.0787, 0.3335 1.2136 0.0748, 0.3335 1.2136 0.0787, 0.3453 1.2553 0.0748, 0.3453 1.2553 0.0787, 0.0982 1.1146 0.0748, 0.1538 1.1068 0.0787, 0.1538 1.1068 0.0748, 0.138 1.109 0.0787, 0.0982 1.1146 0.0787, -0.2318 1.1546 0.0748, -0.2318 1.1114 0.0748, -0.2318 1.1546 0.0787, -0.2318 1.1114 0.0787, -0.0734 1.1546 0.0748, -0.0734 1.1546 0.0787, -0.0734 1.2891 0.0748, -0.0734 1.2891 0.0787, -0.2126 1.2891 0.0748, -0.2126 1.2891 0.0787, -0.2126 1.3323 0.0748, -0.2126 1.3323 0.0787, -0.0734 1.3323 0.0748, -0.0734 1.3323 0.0787, -0.0734 1.4619 0.0748, -0.0734 1.4619 0.0787, -0.2222 1.4619 0.0748, -0.2222 1.4619 0.0787, -0.2222 1.5051 0.0748, -0.2222 1.5051 0.0787, -0.0206 1.5051 0.0748, -0.0206 1.5051 0.0787, -0.0206 1.1114 0.0748, -0.0206 1.1114 0.0787, -0.6121 1.3891 0.0748, -0.5938 1.4229 0.0748, -0.5465 1.4067 0.0748, -0.566 1.4538 0.0748, -0.5274 1.427 0.0748, -0.5656 1.4542 0.0748, -0.4986 1.4456 0.0748, -0.5227 1.4829 0.0748, -0.4661 1.457 0.0748, -0.4766 1.4991 0.0748, -0.4195 1.4619 0.0748, -0.4198 1.5051 0.0748, -0.3615 1.4619 0.0748, -0.3087 1.5051 0.0748, -0.3615 1.1546 0.0748, -0.3087 1.1114 0.0748, -0.4174 1.1546 0.0748, -0.4157 1.1114 0.0748, -0.4589 1.1585 0.0748, -0.4644 1.1157 0.0748, -0.492 1.1688 0.0748, -0.5098 1.1292 0.0748, -0.5189 1.1848 0.0748, -0.5509 1.1531 0.0748, -0.541 1.2066 0.0748, -0.5833 1.1841 0.0748, -0.5576 1.2337 0.0748, -0.6059 1.2193 0.0748, -0.5691 1.2708 0.0748, -0.62 1.2605 0.0748, -0.5727 1.3121 0.0748, -0.6255 1.3132 0.0748, -0.5694 1.3513 0.0748, -0.6227 1.3503 0.0748, -0.5602 1.3824 0.0748, -0.4157 1.1114 0.0787, -0.3087 1.1114 0.0787, -0.4644 1.1157 0.0787, -0.5098 1.1292 0.0787, -0.5509 1.1531 0.0787, -0.5833 1.1841 0.0787, -0.6059 1.2193 0.0787, -0.62 1.2605 0.0787, -0.6255 1.3132 0.0787, -0.6227 1.3503 0.0787, -0.6121 1.3891 0.0787, -0.5938 1.4229 0.0787, -0.566 1.4538 0.0787, -0.5656 1.4542 0.0787, -0.5227 1.4829 0.0787, -0.4766 1.4991 0.0787, -0.4198 1.5051 0.0787, -0.3087 1.5051 0.0787, -0.4195 1.4619 0.0787, -0.3615 1.4619 0.0787, -0.3615 1.1546 0.0787, -0.4174 1.1546 0.0787, -0.5727 1.3121 0.0787, -0.5691 1.2708 0.0787, -0.5576 1.2337 0.0787, -0.541 1.2066 0.0787, -0.5189 1.1848 0.0787, -0.492 1.1688 0.0787, -0.4589 1.1585 0.0787, -0.4661 1.457 0.0787, -0.4986 1.4456 0.0787, -0.5274 1.427 0.0787, -0.5465 1.4067 0.0787, -0.5602 1.3824 0.0787, -0.5694 1.3513 0.0787
            ]
        }
        coordIndex [
            0,1,2,-1,2,1,3,-1,2,3,4,-1,1,0,5,-1,1,5,6,-1,6,5,7,-1,6,7,8,-1,8,7,9,-1,8,9,10,-1,11,12,13,-1,10,9,14,-1,10,14,15,-1,15,14,16,-1,15,16,17,-1,17,16,18,-1,17,18,19,-1,19,18,20,-1,19,20,21,-1,21,20,22,-1,21,22,23,-1,23,22,24,-1,23,24,13,-1,13,24,25,-1,13,25,11,-1,12,11,26,-1,12,26,27,-1,27,26,28,-1,27,28,29,-1,29,28,30,-1,29,30,31,-1,31,30,32,-1,31,32,33,-1,33,32,34,-1,33,34,35,-1,35,34,36,-1,35,36,37,-1,37,36,38,-1,37,38,39,-1,40,39,41,-1,41,39,38,-1,40,41,42,-1,40,42,43,-1,43,42,44,-1,43,44,45,-1,45,44,46,-1,45,46,47,-1,47,46,48,-1,47,48,49,-1,49,48,50,-1,49,50,51,-1,51,50,52,-1,51,52,53,-1,53,52,54,-1,53,54,55,-1,55,54,56,-1,55,56,57,-1,57,56,58,-1,57,58,59,-1,59,58,60,-1,59,60,61,-1,61,60,62,-1,61,62,63,-1,63,62,64,-1,63,64,65,-1,65,64,66,-1,65,66,67,-1,67,66,68,-1,67,68,69,-1,69,68,70,-1,69,70,71,-1,71,70,72,-1,71,72,73,-1,73,72,74,-1,73,74,75,-1,76,75,77,-1,77,75,74,-1,76,77,78,-1,76,78,79,-1,79,78,80,-1,79,80,81,-1,81,80,82,-1,81,82,83,-1,83,82,84,-1,83,84,85,-1,85,84,86,-1,85,86,87,-1,87,86,88,-1,87,88,89,-1,89,88,90,-1,89,90,91,-1,91,90,92,-1,91,92,93,-1,93,92,94,-1,93,94,95,-1,95,94,96,-1,95,96,97,-1,97,96,98,-1,97,98,99,-1,99,98,100,-1,99,100,101,-1,101,100,102,-1,101,102,103,-1,103,102,104,-1,103,104,105,-1,105,104,106,-1,105,106,107,-1,107,106,108,-1,107,108,109,-1,109,108,110,-1,109,110,111,-1,111,110,112,-1,111,112,113,-1,113,112,114,-1,113,114,115,-1,116,115,117,-1,117,115,114,-1,118,116,119,-1,119,116,117,-1,120,118,121,-1,121,118,119,-1,120,121,122,-1,120,122,123,-1,123,122,124,-1,123,124,125,-1,125,124,126,-1,125,126,127,-1,127,126,128,-1,127,128,129,-1,129,128,130,-1,129,130,131,-1,131,130,132,-1,131,132,133,-1,133,132,134,-1,133,134,135,-1,136,137,138,-1,138,137,135,-1,138,135,134,-1,139,140,136,-1,136,140,141,-1,136,141,137,-1,139,142,140,-1,140,142,143,-1,140,143,144,-1,144,143,145,-1,144,145,146,-1,146,145,147,-1,146,147,148,-1,148,147,149,-1,148,149,150,-1,150,149,151,-1,150,151,152,-1,152,151,153,-1,152,153,154,-1,154,153,3,-1,3,153,155,-1,3,155,4,-1,116,118,115,-1,115,118,120,-1,115,120,113,-1,113,120,123,-1,3,1,154,-1,154,1,6,-1,154,6,152,-1,152,6,8,-1,152,8,150,-1,150,8,10,-1,150,10,148,-1,148,10,15,-1,148,15,146,-1,146,15,17,-1,146,17,144,-1,144,17,19,-1,144,19,140,-1,140,19,21,-1,140,21,141,-1,141,21,23,-1,141,23,137,-1,137,23,13,-1,137,13,135,-1,13,12,135,-1,135,12,27,-1,135,27,133,-1,133,27,29,-1,133,29,131,-1,131,29,31,-1,131,31,129,-1,129,31,33,-1,129,33,127,-1,127,33,35,-1,127,35,125,-1,125,35,37,-1,125,37,123,-1,123,37,39,-1,123,39,113,-1,113,39,40,-1,113,40,111,-1,111,40,43,-1,111,43,109,-1,109,43,45,-1,109,45,107,-1,107,45,47,-1,107,47,105,-1,105,47,49,-1,105,49,103,-1,103,49,51,-1,103,51,101,-1,101,51,53,-1,101,53,99,-1,99,53,55,-1,99,55,97,-1,97,55,57,-1,97,57,95,-1,95,57,59,-1,95,59,93,-1,93,59,61,-1,93,61,91,-1,91,61,63,-1,91,63,89,-1,89,63,65,-1,89,65,87,-1,87,65,67,-1,87,67,85,-1,85,67,69,-1,85,69,83,-1,83,69,71,-1,83,71,81,-1,81,71,73,-1,81,73,79,-1,79,73,75,-1,79,75,76,-1,156,157,158,-1,158,157,159,-1,160,156,161,-1,161,156,158,-1,162,160,163,-1,163,160,161,-1,164,162,165,-1,165,162,163,-1,166,164,167,-1,167,164,165,-1,157,166,159,-1,159,166,167,-1,162,164,160,-1,160,164,166,-1,160,166,156,-1,156,166,157,-1,168,169,170,-1,170,169,171,-1,168,170,172,-1,168,172,173,-1,173,172,174,-1,173,174,175,-1,175,174,176,-1,175,176,177,-1,177,176,178,-1,177,178,179,-1,179,178,180,-1,179,180,181,-1,181,180,182,-1,181,182,183,-1,183,182,184,-1,183,184,185,-1,185,184,186,-1,185,186,187,-1,187,186,188,-1,187,188,189,-1,189,188,190,-1,189,190,191,-1,191,190,192,-1,191,192,193,-1,193,192,194,-1,193,194,195,-1,195,194,196,-1,195,196,197,-1,197,196,198,-1,197,198,199,-1,199,198,200,-1,199,200,201,-1,201,200,202,-1,201,202,203,-1,203,202,204,-1,203,204,205,-1,205,204,206,-1,205,206,207,-1,207,206,208,-1,207,208,209,-1,210,209,211,-1,211,209,208,-1,212,213,214,-1,214,213,215,-1,214,215,216,-1,216,215,210,-1,216,210,211,-1,213,212,217,-1,217,212,218,-1,218,219,217,-1,217,219,220,-1,217,220,221,-1,221,220,222,-1,221,222,223,-1,223,222,224,-1,223,224,225,-1,225,224,226,-1,225,226,227,-1,227,226,228,-1,227,228,229,-1,229,228,230,-1,229,230,231,-1,232,233,234,-1,234,233,235,-1,234,235,236,-1,236,235,237,-1,236,237,238,-1,238,237,239,-1,238,239,240,-1,240,239,241,-1,240,241,242,-1,242,241,243,-1,242,243,244,-1,244,243,245,-1,244,245,246,-1,246,245,231,-1,246,231,230,-1,171,169,247,-1,233,232,248,-1,233,248,249,-1,249,248,250,-1,249,250,247,-1,247,250,251,-1,247,251,171,-1,179,233,177,-1,177,233,249,-1,177,249,175,-1,175,249,247,-1,175,247,173,-1,173,247,169,-1,173,169,168,-1,209,210,207,-1,207,210,215,-1,207,215,205,-1,205,215,213,-1,205,213,203,-1,203,213,217,-1,203,217,201,-1,201,217,221,-1,201,221,199,-1,199,221,223,-1,199,223,197,-1,197,223,225,-1,197,225,195,-1,195,225,227,-1,195,227,193,-1,193,227,229,-1,193,229,191,-1,191,229,231,-1,191,231,189,-1,189,231,245,-1,189,245,187,-1,187,245,243,-1,187,243,185,-1,185,243,241,-1,185,241,183,-1,183,241,239,-1,183,239,181,-1,181,239,237,-1,181,237,179,-1,179,237,235,-1,179,235,233,-1,252,253,254,-1,254,253,255,-1,256,252,257,-1,257,252,254,-1,258,256,259,-1,259,256,257,-1,260,258,261,-1,261,258,259,-1,262,260,263,-1,263,260,261,-1,264,262,265,-1,265,262,263,-1,266,264,267,-1,267,264,265,-1,268,266,269,-1,269,266,267,-1,270,268,271,-1,271,268,269,-1,272,270,273,-1,273,270,271,-1,274,272,275,-1,275,272,273,-1,253,274,255,-1,255,274,275,-1,274,253,252,-1,252,256,274,-1,274,256,258,-1,274,258,272,-1,268,270,266,-1,266,270,272,-1,266,272,264,-1,264,272,258,-1,264,258,262,-1,262,258,260,-1,276,277,278,-1,278,277,279,-1,278,279,280,-1,280,279,281,-1,280,281,282,-1,282,281,283,-1,282,283,284,-1,284,283,285,-1,284,285,286,-1,286,285,287,-1,286,287,288,-1,288,287,289,-1,288,289,290,-1,290,289,291,-1,290,291,292,-1,292,291,293,-1,292,293,294,-1,294,293,295,-1,294,295,296,-1,296,295,297,-1,296,297,298,-1,298,297,299,-1,298,299,300,-1,300,299,301,-1,300,301,302,-1,302,301,303,-1,302,303,304,-1,304,303,305,-1,304,305,306,-1,306,305,307,-1,306,307,308,-1,308,307,309,-1,308,309,310,-1,310,309,276,-1,310,276,278,-1,293,291,311,-1,311,291,312,-1,293,311,313,-1,293,313,295,-1,295,313,314,-1,295,314,297,-1,297,314,315,-1,297,315,299,-1,299,315,316,-1,299,316,301,-1,301,316,317,-1,301,317,303,-1,303,317,318,-1,303,318,305,-1,305,318,319,-1,305,319,307,-1,307,319,320,-1,307,320,309,-1,309,320,321,-1,309,321,276,-1,276,321,322,-1,276,322,277,-1,277,322,323,-1,277,323,279,-1,279,323,324,-1,279,324,281,-1,281,324,325,-1,281,325,283,-1,283,325,326,-1,283,326,285,-1,285,326,327,-1,285,327,287,-1,289,287,328,-1,328,287,327,-1,291,289,312,-1,312,289,328,-1,286,288,329,-1,329,288,330,-1,288,290,330,-1,330,290,331,-1,290,292,331,-1,331,292,332,-1,306,333,334,-1,306,334,304,-1,304,334,335,-1,304,335,302,-1,302,335,336,-1,302,336,300,-1,300,336,337,-1,300,337,298,-1,298,337,338,-1,298,338,296,-1,296,338,339,-1,296,339,294,-1,294,339,332,-1,294,332,292,-1,286,329,340,-1,286,340,284,-1,284,340,341,-1,284,341,282,-1,282,341,342,-1,282,342,280,-1,280,342,343,-1,280,343,278,-1,278,343,344,-1,278,344,310,-1,310,344,345,-1,310,345,308,-1,308,345,333,-1,308,333,306,-1,
        ]
    }
}
Shape{
    appearance Appearance {
        material  Material 	{
            diffuseColor 0.25098039215686274 0.25098039215686274 0.25098039215686274
            specularColor 0.12549019607843137 0.12549019607843137 0.12549019607843137
            ambientIntensity 0.251
            transparency 0.0
            shininess 0.5
        }
    }
    geometry IndexedFaceSet {
        ccw TRUE
        solid FALSE
        coord DEF co Coordinate {
            point [
                -0.3615 1.4619 0.0787, -0.3615 1.1546 0.0787, -0.4195 1.4619 0.0787, -0.4174 1.1546 0.0787, -0.4589 1.1585 0.0787, -0.5727 1.3121 0.0787, -0.5694 1.3513 0.0787, -0.5602 1.3824 0.0787, -0.4661 1.457 0.0787, -0.492 1.1688 0.0787, -0.5189 1.1848 0.0787, -0.541 1.2066 0.0787, -0.5576 1.2337 0.0787, -0.5691 1.2708 0.0787, -0.5465 1.4067 0.0787, -0.5274 1.427 0.0787, -0.4986 1.4456 0.0787
            ]
        }
        coordIndex [
            0,1,2,-1,2,1,3,-1,2,3,4,-1,5,6,2,-1,2,6,7,-1,2,7,8,-1,4,9,2,-1,2,9,10,-1,2,10,11,-1,11,12,2,-1,2,12,13,-1,2,13,5,-1,14,15,7,-1,7,15,16,-1,7,16,8,-1,
        ]
    }
}
Shape{
    appearance Appearance {
        material  Material 	{
            diffuseColor 1.0 1.0 1.0
            specularColor 0.8784313725490196 0.8784313725490196 0.8784313725490196
            ambientIntensity 1.0
            transparency 0.0
            shininess 0.5
        }
    }
    geometry IndexedFaceSet {
        ccw TRUE
        solid FALSE
        coord DEF co Coordinate {
            point [
                -0.7628 1.2651 0.0748, -0.7495 1.2219 0.0748, -0.8945 1.2651 0.0748, -0.9122 1.2219 0.0748, -0.8216 1.4295 0.0748, -0.8032 1.5051 0.0748, -0.6543 1.1114 0.0748, -0.712 1.1114 0.0748, -0.8254 1.4432 0.0748, -0.8279 1.4571 0.0748, -0.856 1.5051 0.0748, -0.8291 1.4571 0.0748, -0.8317 1.4432 0.0748, -0.8352 1.4295 0.0748, -1.0096 1.1114 0.0748, -0.952 1.1114 0.0748, -0.856 1.5051 0.0787, -1.0096 1.1114 0.0787, -0.8032 1.5051 0.0787, -0.6543 1.1114 0.0787, -0.712 1.1114 0.0787, -0.7495 1.2219 0.0787, -0.9122 1.2219 0.0787, -0.952 1.1114 0.0787, -0.7628 1.2651 0.0787, -0.8945 1.2651 0.0787, -0.8352 1.4295 0.0787, -0.8291 1.4571 0.0787, -0.8317 1.4432 0.0787, -0.8279 1.4571 0.0787, -0.8216 1.4295 0.0787, -0.8254 1.4432 0.0787
            ]
        }
        coordIndex [
            0,1,2,-1,2,1,3,-1,4,5,0,-1,0,5,6,-1,0,6,1,-1,1,6,7,-1,4,8,5,-1,5,8,9,-1,5,9,10,-1,10,9,11,-1,10,11,12,-1,12,13,10,-1,10,13,2,-1,10,2,14,-1,14,2,3,-1,14,3,15,-1,10,14,16,-1,16,14,17,-1,5,10,18,-1,18,10,16,-1,6,5,19,-1,19,5,18,-1,7,6,20,-1,20,6,19,-1,1,7,21,-1,21,7,20,-1,3,1,22,-1,22,1,21,-1,15,3,23,-1,23,3,22,-1,14,15,17,-1,17,15,23,-1,0,2,24,-1,24,2,25,-1,2,13,25,-1,25,13,26,-1,11,27,28,-1,11,28,12,-1,12,28,26,-1,12,26,13,-1,11,9,27,-1,27,9,29,-1,4,30,31,-1,4,31,8,-1,8,31,29,-1,8,29,9,-1,4,0,30,-1,30,0,24,-1,
        ]
    }
}
Shape{
    appearance Appearance {
        material  Material 	{
            diffuseColor 0.25098039215686274 0.25098039215686274 0.25098039215686274
            specularColor 0.12549019607843137 0.12549019607843137 0.12549019607843137
            ambientIntensity 0.251
            transparency 0.0
            shininess 0.5
        }
    }
    geometry IndexedFaceSet {
        ccw TRUE
        solid FALSE
        coord DEF co Coordinate {
            point [
                -0.7628 1.2651 0.0787, -0.8945 1.2651 0.0787, -0.8216 1.4295 0.0787, -0.8352 1.4295 0.0787, -0.8254 1.4432 0.0787, -0.8317 1.4432 0.0787, -0.8279 1.4571 0.0787, -0.8291 1.4571 0.0787
            ]
        }
        coordIndex [
            0,1,2,-1,2,1,3,-1,2,3,4,-1,4,3,5,-1,4,5,6,-1,6,5,7,-1,
        ]
    }
}
Shape{
    appearance Appearance {
        material  Material 	{
            diffuseColor 0.0 0.0 0.0
            specularColor 0.0 0.0 0.0
            ambientIntensity 0.0
            transparency 0.0
            shininess 0.5
        }
    }
    geometry IndexedFaceSet {
        ccw TRUE
        solid FALSE
        coord DEF co Coordinate {
            point [
                -5.0335 -3.0806 8.7795, -5.0335 -3.0806 8.8583, -5.0442 -2.9991 8.7795, -5.0442 -2.9991 8.8583, -5.0757 -2.9231 8.7795, -5.0757 -2.9231 8.8583, -5.1257 -2.8579 8.7795, -5.1257 -2.8579 8.8583, -5.191 -2.8078 8.7795, -5.191 -2.8078 8.8583, -5.2669 -2.7763 8.7795, -5.2669 -2.7763 8.8583, -5.3484 -2.7656 8.7795, -5.3484 -2.7656 8.8583, -5.43 -2.7763 8.7795, -5.43 -2.7763 8.8583, -5.5059 -2.8078 8.7795, -5.5059 -2.8078 8.8583, -5.5711 -2.8579 8.7795, -5.5711 -2.8579 8.8583, -5.6212 -2.9231 8.7795, -5.6212 -2.9231 8.8583, -5.6527 -2.9991 8.7795, -5.6527 -2.9991 8.8583, -5.6634 -3.0806 8.7795, -5.6634 -3.0806 8.8583, -5.6527 -3.1621 8.7795, -5.6527 -3.1621 8.8583, -5.6212 -3.2381 8.7795, -5.6212 -3.2381 8.8583, -5.5711 -3.3033 8.7795, -5.5711 -3.3033 8.8583, -5.5059 -3.3533 8.7795, -5.5059 -3.3533 8.8583, -5.43 -3.3848 8.7795, -5.43 -3.3848 8.8583, -5.3484 -3.3955 8.7795, -5.3484 -3.3955 8.8583, -5.2669 -3.3848 8.7795, -5.2669 -3.3848 8.8583, -5.191 -3.3533 8.7795, -5.191 -3.3533 8.8583, -5.1257 -3.3033 8.7795, -5.1257 -3.3033 8.8583, -5.0757 -3.2381 8.7795, -5.0757 -3.2381 8.8583, -5.0442 -3.1621 8.7795, -5.0442 -3.1621 8.8583, -5.3484 -3.0806 8.7795
            ]
        }
        coordIndex [
            0,1,2,-1,2,1,3,-1,2,3,4,-1,4,3,5,-1,4,5,6,-1,6,5,7,-1,6,7,8,-1,8,7,9,-1,8,9,10,-1,10,9,11,-1,10,11,12,-1,12,11,13,-1,12,13,14,-1,14,13,15,-1,14,15,16,-1,16,15,17,-1,16,17,18,-1,18,17,19,-1,18,19,20,-1,20,19,21,-1,20,21,22,-1,22,21,23,-1,22,23,24,-1,24,23,25,-1,24,25,26,-1,26,25,27,-1,26,27,28,-1,28,27,29,-1,28,29,30,-1,30,29,31,-1,30,31,32,-1,32,31,33,-1,32,33,34,-1,34,33,35,-1,34,35,36,-1,36,35,37,-1,36,37,38,-1,38,37,39,-1,38,39,40,-1,40,39,41,-1,40,41,42,-1,42,41,43,-1,42,43,44,-1,44,43,45,-1,44,45,46,-1,46,45,47,-1,46,47,0,-1,0,47,1,-1,44,46,48,-1,48,46,0,-1,48,0,2,-1,38,40,48,-1,48,40,42,-1,48,42,44,-1,32,34,48,-1,48,34,36,-1,48,36,38,-1,26,28,48,-1,48,28,30,-1,48,30,32,-1,20,22,48,-1,48,22,24,-1,48,24,26,-1,14,16,48,-1,48,16,18,-1,48,18,20,-1,8,10,48,-1,48,10,12,-1,48,12,14,-1,2,4,48,-1,48,4,6,-1,48,6,8,-1,
        ]
    }
}