{
    "SCT-013-30A-1V": {
        "vLsb": 0.000038792,
        "aLsb": 0.0000033215,
        "wLsb": 0.002152,
        "varLsb": 0.002152,
        "vaLsb": 0.002152,
        "whLsb": 0.00001398,
        "varhLsb": 0.00001398,
        "vahLsb": 0.00001398
    },
    "SCT-013-50A-1V": {
        "vLsb": 0.000038792,
        "aLsb": 0.0000055358,
        "wLsb": 0.0035872,
        "varLsb": 0.0035872,
        "vaLsb": 0.0035872,
        "whLsb": 0.0000234,
        "varhLsb": 0.0000234,
        "vahLsb": 0.0000234
    }
}